student_id,gender,branch,ssc_percentage,hsc_percentage,cgpa,internships,projects,certifications,aptitude_score,soft_skills_score,backlogs,extracurricular,placed
1,Female,IT,80.7,75.3,7.41,2,2,1,57,9.0,0,No,1
2,Male,ECE,68.6,66.5,7.58,3,2,0,64,5.8,0,Yes,1
3,Male,MECH,84.8,83.9,7.77,0,1,1,60,6.5,0,Yes,0
4,Female,ECE,86.5,83.7,9.34,0,2,2,72,6.6,0,Yes,1
5,Female,IT,60.4,56.4,7.6,0,0,1,66,8.2,0,Yes,1
6,Male,CSE,66.3,77.6,7.06,0,0,1,56,5.1,0,Yes,0
7,Female,MECH,79.2,76.9,7.02,1,1,4,65,8.3,2,Yes,0
8,Female,MECH,75.2,67.3,7.27,0,0,1,71,4.6,1,No,1
9,Female,CSE,77.8,85.0,6.93,2,1,2,51,8.2,3,No,0
10,Female,IT,70.3,76.6,8.2,0,1,3,69,3.9,0,No,0
11,Male,IT,85.9,72.7,7.4,2,3,2,43,6.3,0,Yes,1
12,Male,EEE,85.0,93.4,8.14,1,2,1,80,8.9,2,Yes,1
13,Male,CIVIL,78.6,81.8,8.02,0,2,2,72,7.5,0,No,1
14,Male,IT,88.1,82.8,8.89,2,2,4,88,7.1,2,No,1
15,Male,CSE,82.2,90.5,7.96,0,2,2,49,4.9,0,No,1
16,Female,CSE,70.3,73.3,7.04,0,0,1,81,5.4,0,No,1
17,Female,MECH,81.3,78.6,8.55,0,5,3,78,8.5,0,No,1
18,Male,EEE,69.4,67.0,7.65,2,1,4,62,7.2,1,Yes,1
19,Male,MECH,85.9,85.6,7.37,0,3,0,60,7.8,0,No,1
20,Male,MECH,77.6,79.9,7.4,0,2,0,50,6.6,0,Yes,1
21,Female,CIVIL,76.3,75.9,7.39,0,2,2,46,6.1,0,No,0
22,Female,CSE,71.9,67.6,7.19,1,1,1,54,7.6,0,Yes,1
23,Male,CSE,89.0,84.3,6.49,1,3,2,47,6.9,3,Yes,0
24,Male,CSE,76.6,75.5,5.99,2,1,0,87,6.2,3,Yes,1
25,Male,ECE,74.1,65.1,6.09,1,1,2,44,4.4,0,Yes,0
26,Male,CIVIL,74.8,64.6,6.01,1,2,2,67,7.9,0,No,0
27,Male,IT,82.8,83.6,7.03,0,0,3,71,7.2,0,Yes,1
28,Male,ECE,81.3,60.6,7.13,1,2,0,70,5.6,0,Yes,0
29,Female,MECH,81.7,80.5,7.28,0,1,3,71,8.3,1,Yes,1
30,Male,ECE,81.9,75.8,7.39,1,0,0,78,6.9,2,No,1
31,Female,EEE,97.3,97.5,7.12,2,3,1,59,6.9,1,No,1
32,Female,IT,74.3,71.1,6.67,1,1,4,66,7.8,3,No,0
33,Male,ECE,73.4,78.7,7.82,0,0,1,61,7.5,1,Yes,0
34,Male,CIVIL,70.7,69.6,7.46,0,1,2,83,6.9,1,Yes,1
35,Female,CSE,83.5,80.9,6.86,1,1,0,94,6.2,3,Yes,1
36,Male,ECE,88.2,88.1,7.85,0,1,3,48,9.5,1,Yes,1
37,Male,MECH,77.0,73.0,8.88,0,1,5,37,5.4,2,Yes,1
38,Female,CIVIL,70.4,79.2,7.35,1,2,4,73,7.6,2,No,1
39,Male,MECH,70.6,65.4,6.26,1,1,2,80,6.4,0,No,0
40,Female,IT,83.9,82.4,7.36,1,2,1,92,7.2,1,Yes,1
41,Male,IT,84.7,87.3,7.77,0,1,2,75,8.4,1,No,1
42,Male,MECH,82.9,84.4,7.46,1,0,1,85,6.0,0,Yes,1
43,Male,ECE,72.0,86.6,7.64,0,2,6,88,7.4,1,Yes,1
44,Female,ECE,80.1,72.7,5.95,0,3,0,86,6.9,2,No,0
45,Female,MECH,79.1,67.8,6.14,0,3,1,77,5.5,0,No,1
46,Female,MECH,80.0,71.0,6.92,0,6,4,47,8.4,1,No,0
47,Male,ECE,85.8,86.1,7.51,1,1,1,65,7.6,2,No,1
48,Male,ECE,80.0,81.5,7.01,1,4,1,69,5.8,0,Yes,1
49,Female,CSE,84.1,81.2,7.31,1,3,2,64,8.2,0,No,1
50,Male,CSE,78.6,69.3,7.02,1,3,1,64,5.3,0,No,0
51,Male,EEE,80.6,83.7,8.26,1,2,0,87,6.5,0,Yes,1
52,Female,IT,83.7,71.6,6.98,1,0,0,54,5.9,0,No,0
53,Female,CIVIL,64.9,77.1,7.6,0,2,1,76,7.6,3,No,1
54,Male,IT,75.1,95.1,7.57,0,1,3,69,5.8,0,No,1
55,Male,MECH,73.8,76.8,7.73,0,0,0,53,7.6,1,Yes,0
56,Male,CSE,72.3,77.5,7.6,2,2,1,50,7.4,0,Yes,0
57,Female,MECH,75.5,71.8,7.76,1,2,1,41,5.9,2,No,0
58,Female,IT,91.5,72.2,7.66,0,2,2,72,9.2,0,No,1
59,Male,MECH,70.2,67.9,7.39,1,2,2,64,5.4,0,Yes,1
60,Male,EEE,86.7,74.4,7.1,0,3,1,53,4.4,3,Yes,0
61,Male,MECH,62.9,57.6,6.7,3,2,0,39,7.8,1,Yes,1
62,Male,CSE,75.0,87.1,8.53,1,1,1,71,3.3,0,Yes,1
63,Male,ECE,79.5,79.6,6.86,0,2,1,63,8.7,0,No,1
64,Male,CSE,83.3,82.6,7.0,0,1,4,55,6.7,0,No,0
65,Female,ECE,84.4,78.5,7.49,3,4,1,52,4.4,1,No,1
66,Female,IT,85.1,79.8,7.72,1,1,2,62,5.1,2,No,0
67,Female,CSE,74.9,81.7,6.81,1,2,2,72,4.0,1,No,0
68,Female,CSE,73.8,74.1,7.1,0,1,3,60,7.1,0,No,0
69,Female,CIVIL,85.7,85.1,7.53,1,1,2,48,4.5,1,Yes,0
70,Male,IT,76.3,74.4,5.4,1,0,1,64,7.3,2,Yes,1
71,Female,EEE,66.5,67.5,6.72,1,2,0,80,6.0,0,No,1
72,Male,ECE,67.8,60.8,6.51,0,2,0,66,5.8,1,No,0
73,Male,ECE,69.7,58.0,6.39,1,3,1,66,7.3,1,Yes,0
74,Female,MECH,82.5,77.7,8.44,1,2,2,60,7.4,1,No,1
75,Female,IT,79.3,78.0,6.35,0,0,1,53,8.2,0,No,0
76,Female,CSE,84.2,71.5,6.4,1,1,3,52,5.5,0,Yes,0
77,Female,IT,74.2,74.3,5.08,2,6,1,42,6.5,0,No,0
78,Female,MECH,79.4,78.0,6.94,1,1,4,82,5.5,0,Yes,1
79,Female,CIVIL,83.6,65.1,6.49,0,1,2,71,6.7,3,No,0
80,Male,CSE,75.2,68.7,6.54,0,1,0,66,5.3,1,No,0
81,Male,IT,82.1,82.1,8.37,2,2,1,69,5.9,2,No,1
82,Male,EEE,72.0,75.9,7.92,1,2,2,70,5.9,0,No,1
83,Female,ECE,74.7,66.7,6.93,4,2,2,55,6.9,2,No,0
84,Male,ECE,74.6,75.9,6.94,2,1,1,60,6.5,0,Yes,1
85,Male,ECE,67.2,77.5,8.12,0,2,1,58,7.3,1,Yes,0
86,Female,CSE,82.4,84.9,7.58,1,2,0,100,6.3,0,No,1
87,Male,CSE,73.8,73.6,6.49,1,0,1,79,5.6,2,No,0
88,Female,ECE,78.1,73.6,5.77,0,2,1,67,6.8,1,No,0
89,Male,EEE,82.3,75.0,6.85,1,2,2,84,5.1,0,No,1
90,Male,MECH,82.0,82.5,8.1,2,1,1,82,7.4,1,No,1
91,Male,CIVIL,84.0,81.8,9.29,1,1,1,46,6.1,1,No,1
92,Female,MECH,77.1,80.7,7.48,2,2,2,62,6.8,1,No,1
93,Female,CSE,74.2,75.4,6.6,1,2,3,65,6.8,1,Yes,1
94,Female,ECE,77.3,82.1,6.54,1,4,2,74,8.9,1,No,1
95,Male,MECH,62.8,68.3,7.37,1,6,0,62,7.1,2,No,1
96,Female,CIVIL,65.0,74.5,5.77,0,3,0,64,6.6,0,No,0
97,Male,ECE,66.1,75.8,7.67,0,2,2,59,5.5,0,Yes,1
98,Male,IT,69.0,65.8,7.49,1,2,2,80,7.7,3,No,1
99,Male,CIVIL,81.6,66.3,7.2,1,0,2,45,6.1,0,No,0
100,Male,IT,69.9,82.7,7.33,2,3,1,59,4.2,2,Yes,1
101,Male,MECH,74.6,76.6,7.72,0,0,0,39,6.2,1,Yes,0
102,Female,ECE,89.7,71.8,7.21,0,4,3,51,6.8,0,No,1
103,Male,IT,74.8,69.9,6.37,2,1,6,69,5.3,0,No,1
104,Male,IT,84.6,86.2,9.13,1,4,3,70,6.3,0,No,1
105,Male,IT,69.6,69.8,6.71,0,0,1,61,6.4,0,No,1
106,Male,IT,76.2,72.1,7.7,0,3,1,81,6.4,0,Yes,1
107,Female,IT,69.4,81.4,5.52,0,1,1,84,8.4,1,Yes,1
108,Male,CIVIL,74.9,67.6,7.93,4,1,0,64,4.5,3,No,0
109,Male,CSE,85.6,75.8,8.41,0,3,2,69,9.6,3,Yes,1
110,Female,EEE,62.5,69.0,6.98,2,0,1,59,6.5,0,Yes,1
111,Female,MECH,81.9,81.9,7.92,1,5,2,74,7.4,2,Yes,1
112,Male,CIVIL,80.1,81.5,7.91,3,2,3,48,6.7,0,Yes,1
113,Male,EEE,72.7,80.0,6.89,0,1,5,90,3.9,2,Yes,0
114,Female,EEE,65.0,70.4,7.45,1,2,2,81,4.9,3,No,0
115,Female,IT,78.6,80.6,6.78,2,2,0,48,5.7,0,No,0
116,Female,EEE,73.2,72.1,6.6,0,5,1,54,8.0,1,No,0
117,Female,CSE,80.1,78.5,8.24,1,3,2,71,4.4,2,Yes,0
118,Female,MECH,78.2,77.7,8.09,0,1,2,60,5.2,0,No,0
119,Male,ECE,92.4,86.9,7.11,1,2,0,73,6.7,0,Yes,1
120,Female,CSE,75.8,80.9,6.85,0,3,1,60,7.2,1,Yes,0
121,Female,MECH,68.8,75.2,6.69,0,1,1,86,7.2,0,Yes,1
122,Female,IT,79.6,78.1,7.91,1,1,1,65,5.0,2,No,0
123,Female,ECE,80.0,72.3,6.29,1,0,1,99,4.1,0,No,1
124,Female,ECE,90.2,84.6,7.87,2,1,0,73,7.3,0,No,1
125,Male,EEE,85.5,81.1,8.04,0,0,0,46,8.6,2,Yes,0
126,Female,MECH,81.2,80.1,7.33,0,1,4,94,6.0,1,Yes,1
127,Female,ECE,91.2,99.0,8.97,1,2,1,80,4.8,2,No,0
128,Female,ECE,67.3,66.7,6.62,1,3,1,70,5.9,1,Yes,0
129,Male,MECH,72.2,76.3,7.08,2,3,2,74,7.1,1,No,1
130,Female,IT,69.7,79.3,6.59,0,0,0,48,6.2,1,No,0
131,Female,ECE,74.5,75.4,8.03,1,2,2,40,8.6,2,No,1
132,Male,MECH,65.6,85.7,7.01,0,2,0,64,7.9,3,Yes,0
133,Male,CIVIL,83.7,77.6,7.58,1,0,3,84,6.8,0,Yes,0
134,Female,CSE,76.0,77.9,7.26,0,2,1,71,3.6,1,Yes,1
135,Male,CIVIL,64.8,63.3,5.89,1,1,1,89,5.5,2,No,0
136,Female,ECE,68.9,68.9,6.47,0,1,0,83,5.7,1,No,0
137,Female,CSE,80.8,80.2,8.51,2,2,5,65,5.4,0,Yes,1
138,Female,CSE,85.5,87.2,7.85,0,2,1,82,6.8,2,No,1
139,Male,CSE,96.0,89.8,6.98,2,2,1,86,6.8,0,Yes,1
140,Male,CIVIL,99.0,98.2,8.37,0,0,3,64,4.0,0,Yes,1
141,Male,MECH,81.7,78.4,7.22,0,4,1,62,7.7,0,Yes,0
142,Male,CIVIL,69.1,69.1,9.73,1,3,0,67,6.5,0,No,1
143,Female,CIVIL,58.8,84.2,7.8,2,2,3,31,7.0,1,Yes,0
144,Female,ECE,80.4,81.0,7.14,1,2,1,69,7.6,3,Yes,1
145,Male,IT,70.7,67.4,8.03,0,2,0,75,5.3,0,Yes,1
146,Female,IT,74.3,69.7,5.52,1,0,2,67,8.4,1,Yes,1
147,Female,ECE,72.5,66.9,6.95,2,0,3,70,6.3,3,No,0
148,Male,CIVIL,76.7,82.6,9.1,1,0,0,64,8.8,0,Yes,1
149,Male,CIVIL,87.6,80.0,7.31,2,2,2,37,5.2,3,No,1
150,Female,EEE,79.4,78.5,5.95,1,2,0,88,8.7,0,No,0
151,Female,CSE,76.6,75.5,6.9,1,2,2,60,5.1,1,Yes,0
152,Female,ECE,68.7,76.3,8.42,0,1,0,56,10.0,0,No,1
153,Male,IT,62.9,61.8,6.97,0,5,0,84,5.1,2,No,0
154,Male,MECH,73.6,66.6,6.19,0,3,1,79,8.1,0,No,1
155,Male,CIVIL,77.5,78.1,6.78,1,1,1,69,6.0,2,Yes,0
156,Female,IT,93.9,90.5,7.37,0,1,1,76,7.6,0,No,1
157,Male,CSE,79.2,79.8,7.68,0,1,2,49,6.4,0,No,1
158,Male,IT,86.8,76.4,8.33,0,4,3,64,4.9,1,Yes,1
159,Female,EEE,73.5,78.8,8.19,2,0,1,83,2.3,3,No,0
160,Male,CIVIL,67.3,65.2,7.17,1,6,0,56,10.0,0,Yes,1
161,Female,ECE,69.3,67.9,5.85,2,1,0,51,6.6,0,No,0
162,Male,ECE,71.5,66.3,5.79,3,0,0,66,2.1,1,No,0
163,Male,ECE,97.2,97.4,8.52,0,3,2,66,7.0,0,No,1
164,Male,ECE,70.6,76.8,6.2,1,2,2,74,7.5,3,Yes,0
165,Female,CSE,85.5,85.5,7.44,2,2,1,46,5.4,1,No,0
166,Female,ECE,69.9,80.7,7.67,0,1,4,29,5.4,3,Yes,0
167,Female,MECH,86.4,99.0,7.25,1,0,4,78,6.5,0,No,1
168,Male,IT,81.5,66.9,6.06,2,1,0,50,8.3,2,No,1
169,Female,CSE,76.6,70.8,6.96,1,2,0,56,6.6,0,Yes,1
170,Female,CSE,77.6,72.2,7.49,1,1,3,34,8.7,0,No,1
171,Male,MECH,72.1,67.3,7.74,2,6,1,79,8.2,0,No,1
172,Female,MECH,82.0,71.7,7.55,2,3,3,70,6.2,1,No,1
173,Male,MECH,73.9,72.2,7.15,3,2,1,69,4.1,0,Yes,0
174,Male,IT,67.0,61.7,6.07,2,1,0,69,6.2,1,Yes,0
175,Female,CSE,66.5,72.2,6.23,0,2,1,36,7.3,2,Yes,0
176,Female,EEE,79.6,78.1,6.92,0,2,1,51,6.6,0,No,0
177,Female,IT,92.2,88.7,8.08,1,3,2,59,7.5,2,Yes,1
178,Male,MECH,79.4,81.2,7.72,0,0,2,55,7.8,2,Yes,0
179,Male,MECH,76.9,80.4,5.74,0,2,0,61,7.3,0,Yes,0
180,Female,IT,80.6,75.7,6.6,1,5,2,68,6.1,1,No,1
181,Female,ECE,89.8,98.7,9.11,4,3,0,79,7.3,0,Yes,1
182,Female,CSE,80.0,79.6,7.45,1,0,3,44,9.9,1,No,1
183,Female,CSE,74.3,61.5,5.53,1,3,2,65,4.3,0,Yes,0
184,Female,IT,88.0,75.8,9.12,2,0,2,75,7.2,0,No,1
185,Female,IT,81.9,67.0,6.86,1,3,1,52,9.2,0,No,1
186,Male,CSE,91.8,85.2,7.92,0,3,2,62,4.7,0,No,1
187,Male,EEE,79.6,76.9,7.6,1,4,1,72,8.0,0,No,1
188,Female,MECH,67.0,66.9,6.58,2,1,1,65,8.2,2,Yes,1
189,Female,CSE,65.7,83.5,6.96,2,0,2,74,4.3,2,Yes,1
190,Female,IT,92.9,89.6,9.48,0,5,2,66,7.6,0,Yes,1
191,Female,ECE,93.5,91.2,8.65,1,4,4,61,6.1,1,Yes,1
192,Male,IT,76.4,69.3,7.63,1,1,1,49,6.4,0,No,1
193,Female,CIVIL,74.6,67.8,7.37,1,1,1,68,6.0,0,No,0
194,Female,ECE,91.2,85.0,6.8,0,1,2,66,8.5,1,No,1
195,Female,MECH,68.0,72.0,8.1,1,2,2,51,6.3,0,Yes,1
196,Male,CIVIL,69.9,58.9,5.88,1,2,0,73,5.8,1,No,0
197,Male,ECE,83.8,79.0,7.59,1,2,0,83,5.8,0,No,1
198,Male,ECE,74.4,74.7,5.88,0,5,1,56,6.0,0,No,0
199,Male,IT,78.0,75.3,5.58,1,4,2,55,4.9,1,Yes,1
200,Male,MECH,76.5,70.2,7.26,0,2,2,54,5.8,0,No,0
201,Male,CIVIL,81.0,74.8,6.54,0,3,2,41,6.7,0,No,0
202,Male,ECE,90.7,83.2,5.94,0,4,0,93,7.1,2,Yes,1
203,Female,CIVIL,78.8,77.9,7.75,1,2,4,59,8.3,1,No,0
204,Female,MECH,83.8,84.5,9.28,0,1,1,53,6.9,3,No,1
205,Male,ECE,59.5,73.3,8.24,1,2,0,49,5.8,1,Yes,1
206,Male,ECE,77.6,74.5,6.97,0,2,0,60,5.0,0,Yes,0
207,Female,ECE,70.4,69.0,6.97,2,0,2,55,6.9,1,Yes,0
208,Male,CIVIL,67.0,73.3,7.84,0,0,3,85,6.3,2,No,1
209,Male,CSE,70.1,76.3,8.15,0,3,3,48,6.4,1,No,0
210,Male,IT,75.0,72.0,6.81,0,1,0,43,6.9,0,No,0
211,Female,ECE,86.2,87.3,7.72,1,0,1,73,7.3,3,Yes,1
212,Male,IT,66.1,76.5,7.5,2,2,1,63,6.9,1,No,1
213,Female,CSE,78.3,86.0,8.08,2,3,2,62,6.2,3,No,0
214,Female,CIVIL,73.6,86.6,7.56,1,1,0,73,5.3,1,No,1
215,Male,EEE,75.1,69.0,6.86,1,1,1,67,5.6,0,No,1
216,Female,MECH,87.0,82.3,8.6,0,4,1,64,7.8,2,No,1
217,Female,IT,82.8,79.8,8.36,1,0,2,45,5.9,1,Yes,0
218,Male,CSE,90.0,83.3,7.91,1,4,3,42,4.5,2,Yes,1
219,Female,CSE,76.6,71.4,8.43,0,2,6,55,8.2,3,No,1
220,Male,CSE,71.7,62.6,6.39,0,2,3,50,5.1,0,Yes,1
221,Male,EEE,76.0,76.2,8.55,1,2,2,69,6.6,0,Yes,1
222,Male,CIVIL,80.2,72.7,7.54,1,0,0,40,7.2,0,No,1
223,Female,CSE,79.6,78.4,9.95,1,0,1,59,6.5,1,No,1
224,Female,CIVIL,68.2,65.4,5.86,0,3,2,63,2.8,2,No,0
225,Male,ECE,78.8,69.6,6.43,1,0,0,64,7.1,3,Yes,0
226,Male,IT,80.1,79.7,7.72,1,0,0,71,8.5,0,No,1
227,Female,ECE,99.0,90.5,8.14,1,1,1,60,7.7,0,No,0
228,Female,IT,94.9,91.0,9.4,2,1,3,56,3.3,1,Yes,1
229,Male,EEE,70.3,87.5,7.17,1,2,0,82,9.7,0,Yes,1
230,Female,IT,75.4,77.2,8.01,0,0,2,61,4.5,0,Yes,1
231,Female,MECH,64.8,72.3,8.02,1,3,2,85,4.9,0,No,1
232,Male,ECE,72.7,66.1,7.41,4,2,0,60,7.7,0,No,1
233,Male,CIVIL,80.8,69.5,6.21,1,2,1,65,7.2,1,No,1
234,Male,EEE,88.9,94.4,9.1,1,3,3,63,6.6,1,Yes,0
235,Female,ECE,71.4,66.4,7.84,0,3,0,68,5.6,3,Yes,0
236,Male,EEE,72.1,66.0,7.32,2,0,1,59,8.5,0,No,1
237,Female,IT,58.7,64.9,6.96,0,1,3,66,6.4,1,No,0
238,Male,CIVIL,76.5,75.3,7.39,1,0,1,86,4.2,2,Yes,1
239,Female,CSE,68.4,64.7,6.73,2,1,1,80,8.3,0,No,1
240,Male,IT,73.2,71.8,7.58,0,3,2,80,6.8,0,No,1
241,Female,ECE,70.1,80.7,7.45,0,2,1,46,8.2,2,No,0
242,Female,CSE,77.2,70.7,6.35,0,4,1,48,7.4,0,Yes,1
243,Female,CSE,62.2,57.6,5.67,0,3,1,68,10.0,0,No,0
244,Male,CSE,64.8,75.5,6.62,0,1,2,76,6.0,0,No,1
245,Female,MECH,97.2,91.8,8.05,0,1,3,58,6.5,1,No,1
246,Male,ECE,66.4,65.5,6.8,0,4,1,55,7.6,0,Yes,1
247,Male,CSE,68.1,59.8,6.76,0,2,2,85,6.0,0,Yes,1
248,Female,ECE,94.5,81.5,7.86,1,2,1,75,7.7,1,Yes,0
249,Female,IT,99.0,89.0,7.26,1,2,1,80,2.1,0,No,1
250,Female,MECH,67.5,78.7,8.52,0,1,0,59,6.4,0,No,1
251,Female,EEE,74.7,67.6,6.69,0,0,2,58,6.3,0,No,0
252,Male,CIVIL,81.1,78.1,6.98,1,3,4,78,6.3,0,No,1
253,Female,CSE,93.6,90.9,8.22,1,4,1,61,5.2,3,Yes,1
254,Female,IT,69.1,54.8,5.0,1,3,2,56,7.9,3,No,0
255,Female,CSE,75.8,82.7,6.88,0,0,2,52,5.7,1,Yes,0
256,Male,CSE,85.0,72.7,7.89,1,1,2,58,6.8,0,No,1
257,Female,ECE,81.9,81.5,6.07,0,3,1,77,6.4,0,Yes,0
258,Female,CSE,74.6,76.5,8.15,1,0,2,44,7.3,0,Yes,0
259,Female,CSE,76.8,83.7,8.76,0,3,4,74,8.6,0,No,1
260,Female,CIVIL,65.6,73.2,6.83,0,2,2,55,6.8,3,No,0
261,Male,ECE,75.9,58.9,6.79,0,0,0,62,7.8,0,No,0
262,Male,CSE,75.6,69.9,7.89,2,5,3,63,6.7,1,Yes,1
263,Female,MECH,80.1,79.0,6.99,0,4,1,62,5.7,1,No,0
264,Male,MECH,73.0,72.4,7.79,2,0,1,61,6.3,0,Yes,0
265,Female,IT,82.2,82.7,6.97,2,2,0,59,6.1,0,No,1
266,Male,CSE,87.1,87.8,7.33,0,2,0,57,7.4,3,No,0
267,Male,IT,79.4,81.9,6.84,0,3,1,83,6.7,2,Yes,1
268,Female,MECH,81.2,77.2,7.56,2,3,2,65,5.3,1,Yes,1
269,Male,EEE,78.5,64.2,7.69,0,3,3,63,6.2,1,Yes,1
270,Male,ECE,78.0,73.6,7.0,1,2,1,56,4.2,0,Yes,0
271,Female,EEE,71.5,75.8,6.22,0,3,1,59,6.2,0,No,0
272,Female,CSE,80.8,70.8,6.17,1,3,1,56,6.5,0,Yes,0
273,Male,MECH,77.1,80.7,7.74,0,3,2,76,9.2,2,Yes,1
274,Male,MECH,96.8,94.4,9.45,0,2,0,54,8.5,3,No,1
275,Male,CSE,92.2,86.2,7.96,1,1,1,34,4.9,0,No,0
276,Female,ECE,81.5,57.5,6.19,2,4,1,66,6.8,0,No,1
277,Female,IT,71.1,63.7,7.36,1,3,1,61,6.8,0,No,1
278,Male,EEE,68.0,84.0,7.37,0,2,4,57,6.2,2,No,0
279,Male,EEE,88.7,79.4,7.07,3,0,2,78,6.2,0,Yes,1
280,Female,IT,80.4,64.4,6.01,0,3,0,27,6.0,0,No,0
281,Male,CSE,82.3,88.0,8.85,1,4,2,87,9.3,1,No,1
282,Male,MECH,62.3,67.5,5.0,1,1,2,80,5.9,0,No,0
283,Female,CIVIL,86.3,89.5,8.42,2,4,2,56,7.0,1,No,1
284,Male,ECE,82.1,81.2,7.08,0,1,4,59,2.7,2,No,0
285,Female,ECE,68.0,74.0,6.83,1,0,2,72,7.7,0,Yes,1
286,Male,IT,73.8,76.8,8.63,0,6,2,72,8.3,3,No,1
287,Male,CSE,80.4,83.1,6.95,1,4,5,56,4.9,1,Yes,0
288,Female,CSE,78.5,93.0,7.38,1,2,1,42,5.7,0,No,1
289,Female,ECE,75.4,82.0,7.38,0,2,2,95,7.2,0,Yes,0
290,Male,CIVIL,77.1,65.2,7.14,1,4,1,78,6.5,0,No,1
291,Male,EEE,75.7,78.5,6.99,1,4,2,67,7.2,3,No,0
292,Male,ECE,79.4,85.6,6.36,2,0,1,67,6.1,1,Yes,1
293,Male,ECE,91.2,93.1,7.23,0,2,0,74,9.3,0,No,1
294,Male,ECE,54.9,60.0,7.63,0,3,3,75,5.5,1,Yes,1
295,Female,CIVIL,75.9,83.7,7.61,3,0,0,36,10.0,0,Yes,0
296,Male,IT,79.6,84.3,7.93,1,4,1,60,8.4,0,Yes,1
297,Male,ECE,80.7,96.4,7.85,2,4,1,59,7.7,1,No,1
298,Female,MECH,74.7,69.6,6.46,0,2,2,63,4.9,0,No,0
299,Female,MECH,62.2,63.8,8.09,0,2,2,76,7.9,2,Yes,1
300,Male,CIVIL,81.0,76.5,7.11,0,1,3,40,7.4,3,No,0
301,Male,MECH,93.5,82.7,7.15,1,1,1,46,3.3,3,No,0
302,Female,CSE,64.2,62.3,7.57,0,3,2,55,4.4,0,Yes,1
303,Male,MECH,85.8,62.1,6.11,2,0,0,67,7.0,0,No,1
304,Female,MECH,75.0,72.0,6.6,1,3,0,77,6.3,0,Yes,1
305,Female,MECH,77.4,79.0,7.37,0,2,0,88,5.7,1,No,0
306,Female,ECE,68.5,67.6,6.9,1,1,1,61,8.1,0,No,1
307,Female,CSE,75.0,88.5,7.95,0,2,2,77,5.2,0,No,1
308,Male,CSE,89.7,83.9,9.23,0,5,0,75,5.8,0,Yes,1
309,Female,CSE,83.2,89.0,8.03,1,4,2,73,5.5,1,Yes,1
310,Female,CSE,93.6,88.0,5.82,1,4,0,65,7.3,1,No,0
311,Male,CSE,88.6,88.9,8.02,3,3,2,59,3.9,1,No,1
312,Female,CSE,82.0,81.2,7.48,1,2,3,50,5.8,0,No,1
313,Male,ECE,93.7,95.8,8.07,0,5,1,49,3.9,2,No,1
314,Male,IT,82.0,79.6,7.58,0,1,1,70,6.0,1,No,1
315,Female,EEE,85.5,84.8,7.57,0,1,4,64,7.6,0,Yes,1
316,Male,ECE,75.3,77.7,7.27,0,5,0,59,7.6,0,Yes,1
317,Male,CIVIL,78.6,75.1,7.69,0,1,1,74,5.4,1,Yes,0
318,Male,EEE,71.7,75.9,6.8,0,2,0,62,7.3,0,Yes,0
319,Female,CSE,86.9,97.8,7.35,0,1,2,52,6.2,0,No,1
320,Male,EEE,67.4,68.5,9.36,1,1,3,61,8.5,2,Yes,1
321,Female,ECE,85.0,83.9,6.98,1,1,2,76,6.3,0,No,1
322,Male,MECH,76.3,84.6,7.66,2,3,3,51,2.0,1,Yes,0
323,Male,CSE,88.5,91.1,6.65,1,4,2,68,7.8,1,No,1
324,Male,EEE,84.8,81.0,7.53,2,3,0,64,5.8,0,Yes,0
325,Male,CSE,94.4,70.0,6.25,1,2,1,54,6.1,2,Yes,0
326,Female,ECE,84.6,84.4,7.22,0,3,2,61,7.0,0,No,1
327,Male,MECH,63.9,52.8,7.15,0,5,2,43,4.4,0,Yes,0
328,Male,CSE,77.4,86.7,8.05,0,1,5,67,6.6,1,No,1
329,Female,ECE,67.5,71.7,7.52,0,2,1,46,7.3,0,Yes,1
330,Male,CSE,73.3,81.0,6.02,1,3,1,80,7.0,2,No,1
331,Male,MECH,91.6,78.6,8.81,1,3,1,64,5.6,0,Yes,1
332,Female,EEE,83.7,69.4,6.02,0,2,2,57,8.0,1,Yes,0
333,Male,CIVIL,71.7,74.8,8.41,0,1,1,81,5.0,1,No,1
334,Male,EEE,68.9,71.1,7.86,2,3,0,51,5.6,2,No,0
335,Female,IT,78.3,73.5,7.6,0,1,1,55,6.3,0,No,0
336,Male,CSE,67.1,70.9,6.35,2,1,2,39,6.9,0,Yes,1
337,Male,CIVIL,72.0,92.6,8.03,0,3,2,83,6.0,1,No,1
338,Male,ECE,80.8,84.3,7.2,0,3,0,91,8.3,3,Yes,1
339,Female,ECE,88.4,90.4,7.84,2,4,2,42,6.9,2,No,1
340,Male,CIVIL,83.5,86.0,7.44,0,0,4,54,6.6,0,No,0
341,Female,IT,57.4,74.8,5.56,2,2,2,66,6.9,0,Yes,1
342,Female,CIVIL,80.7,77.1,8.18,1,2,0,58,7.6,0,Yes,1
343,Male,ECE,78.6,62.8,6.65,0,1,1,65,6.9,2,No,0
344,Male,EEE,81.7,77.7,6.92,1,3,1,63,3.8,1,No,0
345,Male,CSE,92.5,91.2,7.4,2,2,0,71,8.1,0,No,1
346,Female,MECH,59.4,58.9,6.84,0,2,0,52,6.7,0,No,1
347,Female,ECE,72.7,72.4,6.38,1,1,0,68,7.5,1,No,0
348,Female,CSE,83.3,75.1,5.4,1,3,0,49,5.9,0,Yes,0
349,Female,CSE,63.8,78.8,7.68,0,1,0,59,3.8,0,No,0
350,Male,IT,91.3,90.0,8.22,1,0,2,41,3.1,0,No,0
351,Male,CSE,81.3,83.3,7.37,1,3,1,59,5.1,1,No,0
352,Female,ECE,85.6,85.7,6.71,1,1,1,57,7.3,1,No,0
353,Male,CSE,72.9,73.5,7.21,2,1,1,78,8.4,0,No,1
354,Female,EEE,85.3,82.6,6.33,0,2,2,64,7.0,2,Yes,0
355,Female,CSE,87.6,74.3,6.35,1,3,1,67,4.9,1,No,1
356,Female,CIVIL,80.1,62.8,6.11,1,0,3,65,5.3,1,Yes,0
357,Male,CSE,80.1,79.1,8.04,1,2,2,35,8.5,0,Yes,0
358,Male,CSE,80.4,80.5,7.13,1,0,2,37,4.5,0,Yes,0
359,Female,CSE,70.2,80.6,7.07,0,2,2,61,9.7,2,Yes,1
360,Female,ECE,76.7,87.0,9.24,1,3,2,69,9.3,0,Yes,1
361,Female,MECH,76.6,86.9,7.96,0,3,1,62,9.7,1,No,1
362,Male,CSE,81.5,71.9,7.35,2,0,3,53,7.1,2,Yes,0
363,Female,MECH,87.0,79.7,7.09,1,3,2,62,6.0,1,Yes,1
364,Male,ECE,68.5,74.5,6.7,1,3,1,60,7.0,1,Yes,0
365,Female,CSE,76.9,93.9,6.21,0,4,4,76,7.9,0,No,1
366,Female,CSE,91.3,95.1,8.78,0,2,1,75,5.5,0,No,1
367,Female,EEE,71.3,80.6,7.78,0,2,1,57,4.8,0,No,0
368,Male,ECE,70.6,69.6,6.84,1,0,3,64,6.1,0,No,0
369,Female,EEE,79.8,71.7,6.96,1,3,2,69,5.3,1,No,0
370,Male,CIVIL,85.6,86.9,8.26,0,3,2,71,8.4,0,Yes,1
371,Female,CSE,78.1,69.2,5.72,3,1,2,88,5.6,0,No,1
372,Male,ECE,90.0,82.3,7.02,0,2,0,65,6.6,0,No,1
373,Male,ECE,85.7,80.6,6.51,1,4,3,81,8.0,0,Yes,1
374,Female,ECE,85.6,92.5,9.32,0,3,0,49,8.4,1,No,0
375,Male,ECE,83.0,77.3,7.99,2,1,2,56,6.8,0,Yes,1
376,Male,EEE,98.9,72.3,5.33,1,4,1,35,7.1,2,No,0
377,Male,MECH,76.2,79.3,6.16,0,1,2,67,5.0,0,Yes,0
378,Male,MECH,60.0,61.1,6.54,1,0,2,74,8.0,3,No,0
379,Male,CSE,92.4,85.7,7.25,0,1,0,29,8.4,3,Yes,0
380,Female,EEE,73.9,73.7,6.09,0,2,0,68,3.7,0,No,0
381,Male,CIVIL,79.0,75.5,8.78,3,0,1,73,9.1,2,No,1
382,Male,EEE,89.8,89.4,8.03,2,1,2,73,5.4,0,Yes,1
383,Female,MECH,63.6,57.4,6.88,1,6,2,48,7.4,3,Yes,0
384,Male,MECH,66.7,66.4,6.3,0,4,3,76,6.6,2,No,0
385,Male,EEE,63.6,72.9,7.69,0,3,2,65,6.4,0,Yes,1
386,Female,CSE,70.9,68.2,6.62,0,1,2,73,6.2,0,Yes,1
387,Female,MECH,82.0,67.9,6.69,2,4,4,63,5.0,3,No,0
388,Female,EEE,82.7,84.3,8.06,1,3,4,70,7.3,1,No,1
389,Male,CSE,80.5,86.2,6.34,0,0,0,81,6.1,1,Yes,1
390,Female,CSE,65.3,68.9,8.23,0,4,1,62,4.5,1,No,1
391,Female,CSE,57.2,50.6,6.37,0,6,3,69,4.9,0,Yes,0
392,Male,MECH,78.5,82.0,8.5,0,1,1,82,4.6,0,No,1
393,Female,CSE,73.8,62.7,5.85,0,6,2,63,5.7,3,Yes,0
394,Male,IT,82.1,81.4,6.72,0,2,1,49,7.2,0,Yes,1
395,Male,IT,84.3,74.4,6.25,0,2,4,74,5.4,2,Yes,0
396,Female,IT,79.2,69.4,7.18,1,1,0,85,8.0,0,No,0
397,Female,CSE,84.8,77.8,7.36,0,3,2,83,6.3,2,Yes,0
398,Male,EEE,80.1,76.8,6.9,1,4,2,75,6.1,1,No,1
399,Male,IT,82.8,75.2,6.4,1,1,3,32,6.5,0,No,1
400,Female,MECH,71.7,77.1,6.27,1,1,3,56,8.6,0,No,1
401,Male,ECE,76.4,72.7,7.07,1,2,1,57,4.4,3,Yes,1
402,Male,IT,79.8,84.7,7.22,0,1,2,66,9.0,0,No,1
403,Female,MECH,85.4,83.2,6.98,0,2,0,89,7.9,0,No,1
404,Female,CIVIL,74.5,69.8,8.23,0,4,2,50,6.5,0,Yes,1
405,Female,IT,82.7,73.6,7.08,1,1,0,96,8.3,1,Yes,1
406,Male,IT,75.6,63.8,7.77,0,4,1,60,6.0,2,No,0
407,Male,EEE,76.9,78.2,6.9,1,2,2,54,6.9,3,Yes,0
408,Female,CSE,85.5,78.8,7.55,0,3,3,77,5.7,3,No,1
409,Female,MECH,60.1,49.5,6.14,1,4,1,78,7.9,3,No,1
410,Male,MECH,66.3,66.0,5.48,3,4,1,74,5.4,3,Yes,0
411,Female,MECH,64.7,62.5,7.84,0,2,1,54,6.4,1,Yes,1
412,Female,ECE,57.0,75.2,7.1,1,5,1,72,7.5,2,Yes,0
413,Male,MECH,71.9,61.2,7.25,1,1,2,51,8.1,1,No,0
414,Male,EEE,84.7,70.7,6.43,0,4,2,54,5.3,0,No,0
415,Male,IT,75.4,83.0,7.39,0,5,6,64,7.6,0,No,1
416,Female,IT,79.8,87.4,7.0,0,4,2,54,5.0,0,No,1
417,Male,ECE,87.8,77.5,8.29,0,3,3,80,3.3,0,No,1
418,Male,MECH,89.9,79.5,7.63,1,2,2,57,5.4,0,Yes,1
419,Female,EEE,77.4,80.8,7.73,2,0,2,62,7.8,1,Yes,1
420,Male,EEE,90.2,67.8,8.0,1,2,1,53,6.5,1,Yes,1
421,Female,CSE,78.8,64.3,7.7,0,2,3,80,5.7,0,Yes,1
422,Male,MECH,70.5,70.3,7.62,1,2,1,56,6.6,1,Yes,0
423,Female,CIVIL,72.7,84.5,6.44,3,2,2,81,6.5,2,No,1
424,Male,EEE,64.7,65.8,6.28,2,1,1,80,7.4,0,Yes,0
425,Male,IT,70.0,72.7,6.3,3,2,1,59,4.1,0,Yes,1
426,Female,IT,74.8,82.8,8.09,1,3,1,65,6.3,3,No,1
427,Female,CIVIL,85.2,95.9,8.17,1,3,0,58,6.7,3,No,0
428,Female,IT,93.5,82.1,6.37,1,0,2,73,4.5,0,No,0
429,Female,EEE,65.6,69.2,6.82,1,1,0,62,4.4,1,Yes,0
430,Female,IT,81.5,91.7,6.67,0,3,2,59,6.0,1,Yes,1
431,Male,IT,68.6,60.5,6.58,0,4,1,66,6.5,1,Yes,0
432,Male,MECH,82.3,86.6,6.34,1,3,0,43,6.5,2,Yes,0
433,Male,CSE,76.8,69.0,7.38,1,2,3,64,5.7,0,Yes,1
434,Male,CSE,61.5,67.6,7.21,1,1,0,74,5.6,1,No,1
435,Male,EEE,86.4,80.1,8.93,1,1,2,67,5.9,0,No,1
436,Male,CIVIL,72.6,66.9,7.55,2,2,1,78,6.9,2,Yes,0
437,Female,EEE,73.2,67.0,6.54,0,3,3,60,8.4,1,Yes,0
438,Male,CIVIL,68.4,73.0,7.77,0,3,2,59,3.2,1,No,0
439,Male,CIVIL,72.1,80.2,6.29,1,2,1,49,7.4,3,No,1
440,Female,CSE,81.9,78.2,6.56,1,3,1,59,6.3,2,No,1
441,Male,CSE,76.3,76.3,7.52,0,2,0,93,7.3,2,No,1
442,Female,MECH,81.0,82.6,5.78,2,3,0,69,8.3,2,No,1
443,Female,ECE,81.3,72.0,7.05,2,2,1,57,5.4,1,No,0
444,Male,IT,89.9,89.1,6.95,1,1,1,51,7.9,0,Yes,1
445,Male,IT,74.9,80.7,7.51,2,2,2,43,4.6,0,No,0
446,Male,EEE,64.7,87.0,6.82,0,3,1,53,6.7,0,No,0
447,Male,MECH,87.6,79.9,7.74,1,3,1,76,6.1,1,Yes,1
448,Male,IT,75.0,71.8,7.09,1,1,0,59,6.6,2,No,0
449,Male,IT,88.0,88.2,8.85,0,1,0,52,5.0,0,Yes,0
450,Male,EEE,81.5,84.6,7.59,1,1,5,53,7.2,1,No,1
451,Female,IT,76.8,72.3,6.48,0,0,0,74,8.9,0,Yes,1
452,Male,EEE,81.1,75.8,7.03,1,0,2,64,5.0,1,No,0
453,Female,CSE,95.6,91.1,6.77,0,0,0,56,6.8,2,No,0
454,Male,EEE,96.7,82.2,7.81,1,1,2,61,7.8,0,No,0
455,Male,CIVIL,78.6,74.3,7.64,1,1,2,96,6.1,0,No,1
456,Male,IT,79.4,78.3,9.31,0,2,3,82,8.5,0,Yes,1
457,Female,CSE,87.7,89.6,7.29,2,3,1,86,5.9,0,Yes,1
458,Male,ECE,70.4,68.0,6.71,1,2,0,40,6.3,0,No,1
459,Male,MECH,81.0,65.7,6.37,4,3,0,63,5.0,0,No,1
460,Female,IT,77.8,63.3,6.9,1,3,0,56,6.7,3,No,0
461,Female,MECH,80.8,69.7,7.29,1,5,6,73,6.5,2,Yes,1
462,Female,CSE,70.5,63.1,6.68,0,3,0,80,7.5,0,No,1
463,Male,IT,63.7,67.1,7.75,0,0,0,70,5.5,3,No,0
464,Male,MECH,59.3,57.3,6.0,0,2,1,53,5.5,0,No,0
465,Female,IT,67.9,65.8,7.62,0,3,1,56,7.2,0,Yes,0
466,Male,IT,73.9,68.9,7.39,0,2,3,74,8.6,0,Yes,1
467,Male,CSE,75.4,72.2,7.08,2,4,1,75,7.4,1,No,1
468,Male,IT,95.4,96.5,7.81,2,1,2,67,9.3,0,Yes,1
469,Female,EEE,88.0,87.4,9.64,3,0,5,67,7.3,0,Yes,1
470,Female,IT,69.3,71.7,6.41,1,1,0,66,7.3,0,No,1
471,Female,CSE,81.1,75.4,7.45,1,1,5,69,7.5,3,Yes,1
472,Female,CIVIL,74.3,71.5,6.46,1,0,0,75,8.7,1,No,0
473,Male,ECE,75.4,77.5,8.73,0,1,2,74,8.4,0,No,1
474,Female,CSE,79.7,81.9,8.19,1,2,2,65,4.9,0,No,1
475,Male,IT,83.6,73.8,6.61,1,3,3,64,7.7,0,No,1
476,Female,ECE,74.9,75.2,7.62,1,1,1,64,6.9,0,No,0
477,Male,CSE,87.6,68.3,7.14,1,3,4,54,6.2,1,No,1
478,Female,IT,67.7,72.1,6.67,0,2,1,54,3.8,0,No,0
479,Male,ECE,78.1,82.2,8.09,0,1,0,73,4.2,0,No,0
480,Male,MECH,99.0,87.4,8.01,3,1,4,55,6.0,0,No,1
481,Female,IT,80.0,90.7,8.0,1,3,0,76,4.3,1,Yes,0
482,Male,EEE,90.9,78.4,7.3,1,1,0,64,6.0,2,Yes,0
483,Female,CSE,78.8,78.8,7.7,0,4,2,76,7.6,1,Yes,1
484,Male,MECH,83.2,79.7,7.57,2,1,2,74,5.6,3,No,0
485,Male,MECH,77.5,75.8,7.28,0,1,1,77,6.6,1,No,1
486,Male,CSE,76.5,75.1,6.69,0,3,2,58,4.9,2,No,0
487,Female,EEE,71.0,73.3,8.49,0,1,0,71,6.9,0,No,1
488,Male,ECE,81.9,85.1,6.76,0,1,2,75,7.3,2,No,1
489,Female,CSE,70.3,81.8,7.81,1,2,2,43,4.4,1,No,0
490,Female,ECE,84.0,80.4,7.16,3,1,0,89,5.4,0,No,1
491,Male,IT,87.8,88.4,9.14,0,0,2,97,4.6,0,No,1
492,Female,ECE,81.3,73.9,6.43,0,1,3,78,7.3,3,Yes,0
493,Female,CSE,75.4,80.6,6.84,0,1,0,76,6.7,0,No,1
494,Female,IT,82.1,73.9,6.38,2,3,0,73,6.4,0,No,1
495,Female,ECE,75.2,82.8,7.77,0,0,3,60,6.3,2,Yes,0
496,Female,IT,86.4,97.3,6.99,1,1,3,63,7.0,2,No,1
497,Female,IT,61.5,66.0,6.46,1,1,1,79,7.0,0,No,1
498,Female,EEE,75.0,59.7,5.0,0,1,0,51,5.8,1,No,1
499,Male,ECE,60.1,62.2,6.88,0,2,1,50,5.5,3,No,0
500,Female,CSE,64.5,77.3,6.89,0,0,0,59,6.4,0,Yes,0
501,Male,CSE,90.3,88.1,6.53,0,1,2,74,6.2,1,No,1
502,Female,CSE,86.1,83.4,8.4,1,0,2,53,9.6,0,Yes,1
503,Female,EEE,71.5,80.0,6.35,1,1,2,62,5.9,1,Yes,0
504,Male,ECE,64.5,72.1,7.72,0,0,2,64,6.9,0,No,1
505,Female,CIVIL,51.3,69.3,6.41,0,2,0,51,7.2,1,No,0
506,Female,ECE,73.1,80.3,8.69,0,4,3,31,8.6,0,No,1
507,Female,ECE,99.0,99.0,8.76,0,2,0,51,5.3,1,Yes,0
508,Female,CSE,81.9,81.7,6.66,0,1,2,69,8.5,0,No,0
509,Male,ECE,73.0,80.1,6.67,3,5,2,72,6.3,3,No,0
510,Female,CIVIL,82.2,77.2,7.77,2,6,1,72,10.0,3,No,1
511,Male,MECH,64.0,64.2,6.56,0,1,1,74,7.0,0,Yes,1
512,Female,ECE,75.3,87.1,7.55,1,1,1,56,4.7,0,Yes,0
513,Male,MECH,78.9,78.9,8.37,1,2,3,53,6.2,0,No,1
514,Male,EEE,77.2,82.0,6.88,1,0,1,70,8.5,1,No,1
515,Male,IT,85.1,81.9,7.55,4,1,3,62,6.6,2,Yes,1
516,Female,ECE,81.1,74.6,7.95,2,0,1,78,6.4,1,No,1
517,Male,CIVIL,84.0,80.5,8.07,0,2,0,70,7.6,1,No,1
518,Male,CSE,71.8,83.1,7.4,0,3,0,83,6.0,0,No,1
519,Male,ECE,86.1,85.5,7.39,0,2,2,58,6.2,2,No,0
520,Female,EEE,92.7,73.6,5.75,1,5,1,80,5.1,0,No,1
521,Female,CSE,69.3,70.1,6.16,2,0,1,93,9.1,0,Yes,0
522,Female,MECH,70.0,84.5,7.83,0,0,2,66,4.7,0,Yes,0
523,Male,MECH,90.0,82.5,7.39,1,1,2,72,6.8,0,Yes,1
524,Female,CSE,76.3,63.2,6.79,0,1,3,52,7.2,0,No,1
525,Male,IT,90.6,97.6,8.94,0,1,1,78,6.5,0,Yes,1
526,Male,CSE,74.0,79.2,6.42,0,1,1,81,4.6,0,Yes,1
527,Male,IT,91.1,84.2,7.38,0,3,2,58,5.0,0,Yes,1
528,Female,EEE,79.2,74.9,7.35,1,2,2,73,7.3,0,No,1
529,Female,CSE,80.3,85.8,7.07,0,1,3,69,5.3,3,No,0
530,Male,CSE,92.1,81.5,8.61,0,1,3,70,3.4,0,No,1
531,Female,MECH,74.7,82.9,8.24,1,1,2,76,7.1,2,No,1
532,Male,CIVIL,69.5,75.5,7.45,0,2,2,72,5.2,2,No,1
533,Male,MECH,74.0,76.1,8.68,0,3,1,63,7.4,0,No,1
534,Male,ECE,82.1,80.3,6.21,2,2,1,77,6.2,2,No,1
535,Male,CSE,63.9,67.1,6.88,1,3,2,81,6.1,0,Yes,1
536,Female,CIVIL,83.7,87.5,7.99,1,1,3,57,6.6,0,Yes,1
537,Male,IT,73.2,67.9,6.18,1,1,2,65,4.8,3,Yes,0
538,Male,ECE,88.3,71.6,7.3,1,0,2,40,5.3,1,No,0
539,Female,IT,56.5,68.2,6.04,0,3,1,73,6.1,1,No,0
540,Male,MECH,70.9,77.0,7.83,2,1,1,82,4.8,3,Yes,1
541,Male,EEE,62.8,71.0,7.89,1,2,1,61,7.6,0,Yes,1
542,Female,MECH,70.6,75.2,7.43,1,1,2,67,6.0,0,No,1
543,Male,CSE,80.2,75.9,5.75,0,1,0,62,4.3,3,No,0
544,Male,CSE,76.4,81.4,6.68,1,1,1,60,5.7,0,No,0
545,Female,CIVIL,75.7,75.1,7.66,0,3,1,68,6.7,0,Yes,1
546,Female,IT,76.6,72.6,7.12,0,3,1,54,5.8,0,No,0
547,Female,EEE,79.8,75.7,5.07,0,3,3,62,7.1,0,Yes,1
548,Male,CSE,68.9,85.5,8.61,1,1,1,52,7.4,0,No,1
549,Male,CSE,84.4,68.5,7.05,0,2,1,73,10.0,0,No,1
550,Male,EEE,84.0,83.9,6.9,1,1,3,68,8.2,2,No,1
551,Male,MECH,81.5,67.1,7.68,0,1,5,59,4.0,0,Yes,1
552,Female,CSE,83.0,79.0,6.82,2,5,1,66,6.0,2,No,1
553,Female,CSE,80.7,75.4,6.67,2,3,2,62,6.1,3,Yes,1
554,Male,CIVIL,96.3,73.2,7.41,2,1,1,81,7.4,1,Yes,1
555,Female,CSE,77.2,79.0,8.78,1,0,0,59,5.1,1,No,1
556,Female,ECE,75.2,72.5,8.4,3,2,2,74,5.7,0,No,1
557,Female,CIVIL,71.2,58.0,6.81,2,0,1,55,4.6,1,No,0
558,Male,CSE,68.7,77.1,7.65,0,1,1,76,5.6,2,Yes,0
559,Female,ECE,66.8,80.1,8.04,1,0,2,80,5.7,2,Yes,0
560,Female,CSE,70.0,82.4,6.49,2,4,2,80,6.0,0,Yes,1
561,Female,ECE,77.4,79.0,7.88,0,3,0,86,4.7,1,No,1
562,Male,IT,81.0,78.9,6.77,1,1,2,69,8.0,0,Yes,1
563,Female,MECH,78.5,86.4,7.91,1,0,1,82,7.2,0,No,1
564,Female,CSE,71.1,84.4,7.39,1,1,0,88,4.3,0,No,1
565,Male,CSE,86.1,89.6,8.18,2,3,2,49,6.5,1,No,1
566,Male,ECE,84.7,74.2,7.26,0,3,1,57,4.2,2,No,0
567,Female,IT,76.6,77.4,5.0,0,1,2,44,8.5,2,No,0
568,Female,CIVIL,72.1,76.3,7.4,2,1,3,80,8.9,1,No,0
569,Female,MECH,82.9,67.1,7.4,0,1,1,44,6.4,1,No,0
570,Male,CSE,79.7,81.1,7.8,0,3,0,40,5.2,1,Yes,1
571,Female,IT,65.0,84.9,7.51,1,3,2,50,5.5,0,Yes,1
572,Female,CIVIL,77.4,80.9,8.75,0,3,4,41,5.8,1,No,1
573,Female,CSE,80.4,88.6,7.99,0,0,1,69,6.3,1,Yes,0
574,Male,ECE,69.9,73.2,7.48,0,0,1,50,8.6,0,No,1
575,Male,ECE,79.7,77.3,8.13,0,0,1,41,7.9,1,No,1
576,Male,MECH,64.9,71.6,7.35,0,0,2,64,8.0,0,No,0
577,Male,ECE,90.0,78.3,6.61,1,1,1,65,6.8,1,Yes,0
578,Female,CSE,89.2,76.8,5.32,0,4,1,39,4.8,2,Yes,0
579,Female,MECH,75.7,84.3,7.19,1,2,1,55,5.3,0,Yes,1
580,Male,MECH,81.3,88.4,8.34,2,4,2,64,6.6,3,Yes,0
581,Female,ECE,56.3,56.8,6.19,2,0,4,60,4.7,0,No,0
582,Female,EEE,67.6,77.3,7.93,0,0,2,60,7.0,1,No,1
583,Female,CSE,75.4,74.6,7.3,0,1,0,82,7.7,0,No,1
584,Female,EEE,68.4,73.4,8.17,0,1,1,95,7.3,0,No,1
585,Male,CIVIL,84.4,83.9,7.32,2,3,0,61,7.3,0,Yes,1
586,Male,MECH,96.0,94.6,8.36,1,3,2,46,3.7,3,Yes,0
587,Female,IT,67.4,71.0,7.44,0,2,0,62,8.5,0,No,1
588,Female,MECH,70.5,82.2,8.69,1,2,0,68,4.1,0,Yes,1
589,Female,CIVIL,80.1,80.2,6.04,2,2,2,64,6.3,2,Yes,0
590,Male,EEE,92.5,89.9,7.43,1,1,2,74,7.4,0,No,1
591,Male,CSE,67.0,64.4,7.45,2,2,2,96,7.0,2,Yes,1
592,Female,IT,80.2,93.2,9.16,0,2,1,41,4.6,0,Yes,0
593,Female,MECH,94.4,89.9,7.99,0,1,2,58,4.9,0,No,1
594,Male,IT,63.1,72.9,6.88,0,2,0,87,6.9,0,Yes,0
595,Male,MECH,66.5,58.6,7.15,1,4,3,58,7.3,0,No,0
596,Male,EEE,74.2,68.8,7.65,1,0,1,76,4.8,1,Yes,0
597,Male,CSE,73.3,82.6,7.22,0,1,1,74,7.1,0,No,0
598,Female,ECE,85.3,83.2,7.79,0,1,1,82,4.2,1,No,1
599,Male,MECH,80.2,64.7,7.73,0,1,1,92,7.4,1,Yes,1
600,Female,IT,62.0,74.5,8.69,1,2,2,70,5.2,0,Yes,1
601,Male,IT,82.6,75.8,7.83,0,2,1,41,6.6,0,No,1
602,Female,EEE,72.8,83.6,7.58,0,3,0,55,6.4,0,No,0
603,Female,ECE,89.5,83.1,7.48,0,1,2,96,8.2,0,No,1
604,Female,CSE,72.4,74.9,7.64,2,2,1,45,6.9,1,No,0
605,Male,ECE,72.3,81.6,7.37,1,2,2,72,5.6,3,Yes,0
606,Male,IT,82.9,73.5,7.29,2,5,2,30,7.0,0,No,1
607,Male,CIVIL,84.9,74.0,6.31,2,1,1,46,9.7,1,No,1
608,Male,EEE,82.0,77.8,8.35,2,3,0,77,7.6,0,No,1
609,Male,IT,62.8,73.5,6.23,2,5,2,66,6.4,0,Yes,1
610,Male,CSE,82.8,70.4,6.67,1,0,1,60,5.2,0,No,0
611,Male,IT,68.7,59.5,6.66,1,1,1,54,5.6,0,No,0
612,Female,MECH,80.1,83.8,9.14,0,4,2,37,7.5,2,No,0
613,Female,CSE,65.2,64.9,6.46,0,4,4,75,5.2,0,Yes,0
614,Male,MECH,82.0,76.5,6.73,2,0,1,61,6.5,3,No,0
615,Female,CSE,70.7,59.4,6.14,2,1,0,44,8.7,1,Yes,0
616,Female,MECH,66.5,65.1,8.13,0,3,4,65,6.7,0,No,1
617,Female,ECE,84.4,80.6,5.17,1,1,2,73,4.9,1,Yes,0
618,Male,CSE,80.2,84.6,6.78,0,2,2,62,9.8,1,No,1
619,Male,MECH,72.5,68.1,9.11,2,1,1,67,9.1,1,Yes,1
620,Male,ECE,91.1,96.3,8.52,2,2,2,66,7.3,2,Yes,1
621,Male,CSE,74.0,69.6,6.1,0,0,0,55,8.4,1,Yes,0
622,Female,IT,78.3,72.2,7.05,2,2,1,66,6.1,0,No,1
623,Female,ECE,80.4,89.0,7.81,1,0,0,75,7.6,0,Yes,1
624,Male,MECH,72.4,74.9,7.87,2,0,1,79,5.9,3,No,1
625,Male,MECH,82.2,75.5,8.69,0,1,4,76,4.5,0,No,1
626,Male,CSE,73.2,72.8,7.42,0,2,1,56,10.0,0,No,1
627,Female,IT,74.3,84.1,7.13,3,1,1,74,4.4,1,No,0
628,Female,ECE,90.3,94.4,8.61,1,1,0,72,6.9,1,No,1
629,Male,CSE,68.6,65.4,6.26,0,2,1,55,6.9,2,No,0
630,Female,ECE,56.3,63.5,5.91,0,3,1,58,7.3,1,Yes,1
631,Male,MECH,92.5,86.1,6.24,1,4,0,75,6.4,0,No,1
632,Male,CSE,99.0,82.5,6.25,2,1,1,84,6.4,0,No,1
633,Female,ECE,74.4,74.3,6.45,0,4,1,40,6.7,1,Yes,0
634,Male,EEE,60.6,66.4,5.91,2,2,3,88,7.2,2,Yes,1
635,Female,MECH,75.2,83.1,7.77,2,3,3,81,6.5,1,No,1
636,Male,ECE,75.4,83.7,6.59,1,2,0,68,6.4,1,No,0
637,Female,ECE,76.3,73.5,5.0,0,3,0,62,4.5,0,Yes,0
638,Female,CSE,68.0,69.3,6.14,1,1,1,70,9.5,0,No,1
639,Male,ECE,83.2,84.6,7.21,0,2,1,56,7.3,3,Yes,0
640,Male,MECH,82.7,75.5,6.74,0,2,1,63,6.8,1,No,0
641,Male,ECE,64.6,72.9,8.33,0,1,1,44,5.6,1,No,0
642,Female,ECE,84.3,80.0,6.91,0,3,2,41,5.0,3,Yes,0
643,Male,ECE,96.5,81.1,8.15,1,3,4,98,7.8,0,No,1
644,Male,MECH,79.5,71.0,7.02,0,3,4,66,6.3,2,No,0
645,Male,EEE,75.0,85.1,7.57,2,1,0,68,7.4,0,Yes,1
646,Female,ECE,76.7,74.9,6.53,0,3,4,65,4.5,1,Yes,0
647,Female,MECH,83.5,91.6,7.82,0,5,1,53,8.8,0,No,1
648,Female,MECH,62.4,63.8,6.14,0,2,0,61,7.9,0,No,0
649,Male,CSE,79.5,79.7,7.52,0,2,2,66,6.4,3,No,1
650,Female,ECE,74.5,91.4,7.67,2,1,2,62,7.2,0,No,1
651,Male,CSE,94.6,79.4,6.62,1,5,3,54,7.6,0,No,1
652,Male,IT,76.4,62.6,7.5,0,2,1,72,4.5,0,No,0
653,Male,ECE,93.0,94.8,8.33,0,0,1,68,9.0,3,No,0
654,Male,ECE,68.1,65.1,6.45,0,2,4,71,7.2,2,Yes,0
655,Female,EEE,83.3,79.8,7.51,1,3,1,75,5.4,1,No,1
656,Male,EEE,80.9,74.4,7.11,1,0,1,63,4.9,2,No,0
657,Female,CIVIL,70.2,74.0,6.47,2,3,1,63,8.0,1,No,1
658,Female,ECE,79.6,71.1,7.1,0,3,2,86,6.8,3,No,1
659,Female,ECE,88.9,82.1,6.99,2,2,1,52,7.2,0,No,1
660,Male,MECH,75.1,78.2,6.57,1,0,3,39,6.5,0,Yes,1
661,Female,CIVIL,62.8,60.6,5.33,0,0,1,73,5.0,1,No,0
662,Male,IT,77.8,71.8,6.79,1,3,0,56,7.3,3,Yes,0
663,Female,MECH,69.9,69.5,7.43,1,3,0,50,6.2,1,No,1
664,Male,EEE,74.9,64.9,6.24,0,5,0,77,6.5,3,No,1
665,Female,CSE,77.3,73.4,9.15,0,3,1,63,10.0,0,No,1
666,Male,IT,62.6,68.4,7.64,0,2,2,47,7.8,1,No,0
667,Male,MECH,63.5,65.3,7.86,2,1,0,92,7.9,1,Yes,0
668,Male,CSE,82.3,77.5,7.94,0,2,1,42,10.0,3,No,1
669,Female,EEE,73.3,73.8,8.63,1,5,1,64,7.1,1,Yes,1
670,Female,EEE,54.9,58.3,5.9,0,2,3,39,6.7,0,No,0
671,Male,CSE,85.1,85.9,5.59,1,1,1,69,5.5,0,Yes,1
672,Female,CIVIL,80.5,88.4,7.38,3,2,1,56,5.8,0,No,1
673,Male,MECH,71.6,69.7,7.43,0,2,0,76,3.4,0,No,0
674,Male,CSE,66.1,73.1,7.25,0,1,1,65,7.7,0,No,0
675,Male,IT,85.5,79.6,7.6,3,2,2,84,4.6,1,No,1
676,Female,IT,81.1,81.2,8.5,2,1,2,59,7.9,0,Yes,1
677,Female,ECE,99.0,99.0,8.47,1,0,1,43,6.4,0,No,1
678,Male,ECE,81.8,82.6,8.14,0,1,1,68,6.7,0,No,1
679,Female,IT,81.5,66.5,6.11,1,1,2,61,6.4,0,No,1
680,Female,ECE,76.5,79.1,6.49,0,4,2,40,8.6,1,Yes,1
681,Male,IT,85.4,89.9,9.09,0,3,2,50,8.3,0,No,1
682,Female,CSE,83.6,78.6,7.42,0,3,2,55,6.5,0,Yes,1
683,Male,CIVIL,89.3,90.5,7.32,1,3,3,87,5.2,0,Yes,1
684,Male,MECH,73.3,69.1,6.47,0,1,1,75,7.9,0,Yes,1
685,Female,ECE,74.1,64.1,6.24,1,4,0,60,5.0,0,No,0
686,Female,MECH,73.7,75.2,6.64,0,3,2,72,4.2,0,Yes,1
687,Male,CSE,85.1,68.8,5.93,0,6,1,36,7.2,0,No,0
688,Male,CSE,91.5,83.2,6.33,0,2,4,57,8.3,1,Yes,0
689,Male,ECE,73.9,83.3,7.38,0,2,0,71,5.9,0,Yes,0
690,Male,CSE,74.2,61.2,6.17,0,3,1,67,7.1,3,No,0
691,Male,CSE,80.8,69.5,7.87,0,1,2,57,5.9,0,Yes,0
692,Male,ECE,75.8,68.3,7.17,3,1,1,64,7.6,0,Yes,1
693,Female,CSE,86.6,81.5,7.67,0,0,1,70,8.1,3,Yes,1
694,Female,CSE,57.7,62.1,6.09,2,1,1,65,6.1,2,Yes,0
695,Female,CSE,70.6,82.2,7.39,0,1,2,77,5.0,0,No,1
696,Female,IT,71.0,79.3,7.66,0,4,1,69,4.3,3,No,0
697,Female,CSE,57.1,67.7,7.48,1,4,1,72,7.9,1,No,1
698,Female,CIVIL,69.3,72.6,7.03,0,3,1,89,4.8,1,Yes,0
699,Female,CSE,69.8,74.6,8.05,2,0,1,77,7.1,3,Yes,1
700,Female,CSE,76.2,69.7,6.99,0,0,1,89,7.7,1,No,1
701,Male,ECE,88.0,88.8,8.39,2,1,2,56,5.7,1,Yes,1
702,Male,ECE,75.8,67.7,6.52,1,2,2,43,6.3,1,Yes,0
703,Male,EEE,68.7,77.1,5.83,1,1,4,63,8.0,1,Yes,1
704,Female,MECH,77.5,84.8,7.81,1,6,2,62,5.3,3,No,1
705,Female,ECE,87.4,83.9,8.14,0,3,0,85,5.1,1,No,0
706,Male,CSE,69.2,70.3,7.47,0,1,1,49,6.1,0,Yes,1
707,Female,IT,69.8,74.7,7.53,0,2,2,64,8.4,0,Yes,0
708,Male,CSE,83.0,59.8,6.31,0,3,3,71,8.9,2,No,0
709,Male,CIVIL,76.0,77.7,6.66,1,0,1,66,6.4,0,Yes,0
710,Female,MECH,83.8,79.5,7.82,0,5,1,63,5.4,0,No,1
711,Male,ECE,77.9,76.4,7.6,1,2,0,70,8.1,3,No,0
712,Female,ECE,84.3,85.5,7.17,3,1,2,80,4.0,0,Yes,1
713,Male,ECE,68.7,70.7,7.92,1,1,1,87,6.9,0,Yes,1
714,Female,MECH,77.9,68.8,6.25,0,2,1,65,6.4,1,No,1
715,Male,IT,76.1,74.7,6.72,0,1,0,54,8.4,3,No,0
716,Female,ECE,67.1,70.7,8.34,0,1,0,86,8.6,2,No,0
717,Female,IT,63.9,69.1,7.66,0,1,2,50,5.1,2,Yes,1
718,Male,CSE,84.2,81.7,7.18,0,2,1,90,6.8,2,Yes,0
719,Female,CSE,74.8,82.2,7.72,4,2,4,84,5.6,1,No,1
720,Female,EEE,68.8,63.7,6.87,0,6,1,86,6.1,3,Yes,0
721,Female,IT,77.1,77.5,5.1,1,6,0,75,7.4,0,Yes,1
722,Male,EEE,88.2,91.9,7.15,0,2,2,35,6.0,1,Yes,0
723,Male,CIVIL,57.5,52.4,6.26,1,2,3,50,6.8,0,No,0
724,Female,EEE,64.5,70.0,6.71,0,4,1,69,7.9,1,Yes,1
725,Female,IT,69.7,67.7,7.11,0,5,2,56,8.8,0,No,1
726,Male,CIVIL,91.2,82.1,8.39,0,3,2,61,6.9,3,No,0
727,Male,MECH,80.5,72.0,6.82,2,1,0,74,6.7,0,No,0
728,Female,MECH,84.9,79.8,6.55,2,1,2,63,4.8,0,No,0
729,Male,EEE,67.7,83.5,7.8,1,2,1,48,8.9,1,No,0
730,Female,IT,67.9,61.9,6.41,1,2,2,77,7.2,0,Yes,1
731,Female,EEE,82.0,71.0,6.92,2,4,2,72,6.7,0,No,1
732,Male,ECE,78.5,68.0,6.69,0,2,0,62,6.6,0,No,0
733,Male,IT,82.9,91.8,9.67,0,1,1,75,7.0,1,No,1
734,Male,MECH,76.3,72.5,5.31,2,1,2,66,7.7,1,No,0
735,Female,EEE,80.5,78.1,7.01,1,0,0,84,7.8,0,Yes,1
736,Male,MECH,79.4,74.8,7.19,1,2,0,67,8.9,1,No,1
737,Female,ECE,85.0,74.4,6.55,1,2,0,84,6.9,0,No,1
738,Male,ECE,85.3,79.5,8.1,0,2,2,39,9.1,2,No,1
739,Male,CSE,63.4,85.2,8.26,0,1,2,71,8.1,0,No,1
740,Female,IT,57.8,74.4,7.14,2,1,1,59,6.4,0,Yes,0
741,Female,MECH,87.0,76.2,7.03,1,2,1,53,4.0,1,No,0
742,Male,IT,88.7,87.8,7.62,0,1,2,81,6.6,2,Yes,1
743,Female,ECE,68.8,65.5,6.74,1,1,1,77,8.8,2,No,0
744,Male,IT,61.3,54.3,6.31,0,0,0,37,5.3,1,Yes,0
745,Male,ECE,78.9,84.5,7.43,0,2,0,75,6.6,0,Yes,1
746,Male,ECE,86.4,90.0,8.0,0,3,4,73,6.7,3,No,1
747,Female,IT,94.2,93.8,8.55,3,1,5,55,7.9,0,No,1
748,Male,MECH,82.6,76.3,6.27,2,0,3,53,5.9,0,No,1
749,Male,IT,74.7,73.7,6.31,1,3,0,43,5.2,2,No,0
750,Male,MECH,70.0,77.2,5.89,0,1,6,60,7.4,1,No,0
751,Female,CSE,78.1,79.6,8.08,1,2,0,63,5.4,2,No,0
752,Female,ECE,75.3,72.4,7.3,0,3,1,76,3.7,2,No,0
753,Female,IT,68.9,60.0,7.0,0,1,2,69,9.3,3,No,1
754,Female,EEE,96.4,88.6,6.6,1,1,1,50,7.9,1,No,0
755,Male,MECH,94.1,94.0,9.39,3,1,1,68,9.3,2,No,1
756,Female,CSE,88.2,74.5,6.69,1,3,2,61,7.8,0,No,0
757,Male,ECE,69.7,76.3,7.39,0,1,1,52,7.5,0,No,0
758,Male,IT,85.7,83.7,8.23,2,1,1,43,7.1,0,No,1
759,Female,IT,83.8,85.5,6.83,2,4,0,74,6.2,0,No,1
760,Male,ECE,82.0,85.3,7.17,0,1,1,71,7.3,0,No,1
761,Male,CSE,89.2,78.7,7.49,0,2,1,73,5.7,2,No,1
762,Male,CSE,83.7,68.9,9.24,0,3,2,55,4.9,0,Yes,0
763,Male,CSE,84.7,77.1,7.52,1,2,2,67,6.0,0,Yes,1
764,Male,IT,83.7,86.4,8.94,0,2,1,46,8.4,1,No,1
765,Male,EEE,81.1,74.9,8.16,0,0,2,51,4.7,0,Yes,1
766,Male,ECE,61.9,62.3,6.99,2,3,3,65,4.7,1,Yes,0
767,Male,CIVIL,78.8,64.5,5.99,0,2,3,69,7.4,0,Yes,1
768,Male,CIVIL,73.0,86.1,8.49,0,0,1,42,5.9,1,Yes,0
769,Male,ECE,66.5,75.7,6.03,0,3,2,50,7.2,2,No,0
770,Female,IT,93.1,91.2,9.13,0,3,0,60,8.0,0,No,1
771,Male,EEE,93.6,92.9,8.08,0,3,4,78,7.2,0,No,1
772,Male,ECE,90.2,88.2,5.61,0,1,3,54,5.6,0,Yes,0
773,Female,IT,80.3,76.5,6.99,2,1,1,67,8.4,1,Yes,1
774,Female,CSE,90.2,83.0,8.04,0,2,0,68,7.6,2,Yes,1
775,Female,IT,78.1,73.9,6.97,0,1,2,62,6.5,2,Yes,0
776,Female,MECH,79.8,96.3,8.62,1,4,0,69,6.5,2,Yes,1
777,Female,IT,68.2,74.8,6.51,2,3,5,46,7.1,1,No,1
778,Female,CSE,81.6,75.7,6.18,0,4,2,56,6.0,1,Yes,0
779,Female,ECE,78.5,80.4,7.36,1,0,1,85,4.1,0,No,0
780,Male,IT,66.3,62.7,6.73,0,2,2,86,7.6,1,No,1
781,Male,IT,77.5,87.0,7.4,0,1,1,77,7.5,0,Yes,1
782,Female,IT,77.3,71.8,8.05,2,2,1,80,3.0,3,No,1
783,Female,ECE,94.2,90.0,7.12,0,0,0,39,7.3,0,No,0
784,Male,MECH,86.0,89.1,8.01,2,2,3,52,9.1,3,Yes,1
785,Male,ECE,78.1,79.6,7.44,0,2,0,61,4.8,0,No,0
786,Male,ECE,80.2,78.8,6.11,3,3,1,99,6.4,1,No,1
787,Female,EEE,78.4,77.1,6.23,0,1,2,61,6.2,0,No,1
788,Male,MECH,76.2,75.3,7.22,0,3,2,75,9.0,0,No,1
789,Male,EEE,68.3,66.9,8.46,0,2,0,70,8.2,2,Yes,1
790,Male,CSE,76.6,72.8,7.58,1,1,1,70,5.2,0,Yes,1
791,Male,CIVIL,71.3,83.1,6.14,3,1,4,65,7.0,0,No,1
792,Male,IT,66.7,69.3,5.0,1,2,1,48,10.0,1,No,0
793,Male,ECE,82.6,74.1,7.75,0,4,1,27,5.6,2,No,0
794,Female,IT,81.5,75.3,7.14,0,2,2,83,6.5,0,No,1
795,Female,IT,61.9,74.8,8.11,2,3,3,56,7.3,0,No,1
796,Female,ECE,76.9,80.9,6.73,0,4,0,39,5.6,0,No,0
797,Male,MECH,87.0,86.1,7.92,0,2,3,71,9.1,3,Yes,1
798,Male,IT,87.5,80.7,8.1,0,1,0,71,5.8,0,Yes,1
799,Female,CIVIL,87.2,86.3,7.29,1,2,1,76,4.4,1,Yes,0
800,Male,CSE,78.4,72.5,6.76,1,1,1,81,5.7,3,Yes,1
801,Female,MECH,70.4,70.4,7.04,0,4,2,52,7.5,0,No,0
802,Male,CIVIL,68.2,77.7,7.74,0,2,1,53,5.3,0,No,0
803,Female,MECH,81.1,84.8,7.58,2,1,1,61,7.0,2,No,0
804,Female,CSE,81.4,72.0,7.86,0,1,1,77,7.3,2,Yes,0
805,Female,CSE,89.6,77.8,6.94,3,1,0,36,4.7,1,No,0
806,Male,CIVIL,87.9,83.5,6.48,1,0,1,67,5.7,3,Yes,0
807,Male,EEE,76.8,88.2,9.31,1,2,3,78,7.0,2,No,1
808,Male,IT,66.8,56.7,5.98,3,3,0,77,7.6,1,Yes,1
809,Male,ECE,75.1,77.0,6.83,3,3,1,75,5.7,0,No,1
810,Male,IT,80.0,68.4,6.88,0,2,1,80,6.7,0,No,1
811,Male,CSE,76.2,71.3,7.11,0,4,1,27,6.1,1,Yes,0
812,Female,IT,72.8,71.1,6.73,3,1,1,88,7.6,2,No,0
813,Male,IT,80.3,75.2,7.19,0,1,3,70,7.3,1,Yes,1
814,Male,ECE,73.5,70.4,6.98,0,0,0,84,5.9,1,Yes,0
815,Female,ECE,72.3,73.4,7.28,1,1,3,49,7.2,1,No,1
816,Male,IT,80.8,74.7,5.3,2,0,1,40,5.9,0,Yes,0
817,Female,CIVIL,74.4,64.4,8.28,0,1,1,90,7.2,0,Yes,1
818,Male,MECH,80.2,83.6,7.43,1,1,1,52,7.2,1,No,0
819,Male,ECE,80.5,83.6,8.01,0,2,4,61,10.0,3,Yes,1
820,Female,IT,67.7,76.5,6.16,0,5,3,72,6.0,0,Yes,1
821,Female,CIVIL,73.7,63.4,6.36,0,1,1,76,6.3,0,No,0
822,Male,ECE,90.9,86.6,7.13,2,1,1,80,5.5,1,No,1
823,Male,EEE,67.5,75.2,8.38,1,1,2,68,5.0,0,No,0
824,Female,CSE,59.0,58.2,6.06,2,3,1,50,5.8,3,No,0
825,Male,CIVIL,61.2,66.8,7.48,0,3,1,75,7.5,0,No,1
826,Female,IT,78.3,76.2,6.73,0,4,2,75,7.6,1,Yes,1
827,Male,ECE,78.3,89.9,7.43,2,1,1,40,6.9,0,No,1
828,Female,ECE,76.9,89.6,7.59,0,4,2,85,6.1,3,No,1
829,Female,ECE,88.9,71.7,8.1,0,1,2,30,5.8,0,Yes,0
830,Female,CSE,53.9,79.8,5.88,1,4,0,79,5.1,0,No,0
831,Male,IT,81.6,72.6,6.05,2,2,2,56,5.7,1,No,0
832,Female,CIVIL,92.1,92.1,6.33,0,4,3,75,4.6,2,No,0
833,Female,ECE,67.8,77.5,6.43,0,3,0,72,8.5,2,Yes,1
834,Male,CSE,74.6,67.8,6.26,0,0,2,64,9.3,2,No,0
835,Male,CSE,71.2,76.2,5.96,2,1,1,71,3.6,0,No,0
836,Female,MECH,70.0,71.2,6.46,1,0,1,64,6.9,0,Yes,0
837,Male,CSE,75.1,78.9,5.74,0,2,2,75,6.9,2,No,0
838,Female,ECE,90.8,86.1,6.83,3,2,3,96,6.8,3,Yes,1
839,Female,IT,94.5,95.1,8.96,1,2,3,46,5.6,1,Yes,0
840,Female,MECH,75.0,75.5,7.54,3,1,0,20,8.0,3,No,0
841,Male,CIVIL,95.1,85.9,7.79,1,1,4,59,7.1,0,No,1
842,Female,CSE,78.3,84.7,6.79,0,0,1,58,8.1,0,Yes,1
843,Female,ECE,93.8,90.3,6.58,1,1,0,60,5.4,0,Yes,0
844,Female,IT,77.2,81.4,6.54,1,1,0,52,4.4,2,No,0
845,Female,CIVIL,79.2,72.9,7.08,1,1,1,77,7.2,1,Yes,1
846,Female,CIVIL,81.3,71.5,7.75,1,4,1,46,5.1,0,No,1
847,Male,MECH,99.0,85.4,8.34,0,0,1,71,8.1,3,No,0
848,Male,ECE,85.7,77.1,7.79,4,4,0,74,3.3,0,Yes,1
849,Female,MECH,71.6,78.5,6.75,1,3,1,69,5.8,2,No,1
850,Female,CSE,86.7,88.9,7.78,1,2,3,72,5.6,0,Yes,1
851,Male,CSE,74.7,73.7,6.89,1,4,0,78,6.0,2,Yes,1
852,Female,EEE,73.6,84.2,7.41,0,1,2,66,6.9,0,No,0
853,Male,CSE,86.2,91.3,9.48,0,1,0,60,7.1,0,Yes,1
854,Female,CSE,78.3,78.7,5.94,0,3,2,72,7.5,0,Yes,0
855,Female,CSE,80.5,72.5,6.91,0,3,2,73,7.6,1,No,0
856,Male,ECE,78.1,87.9,8.69,0,2,2,77,6.2,0,Yes,1
857,Female,IT,81.0,78.2,6.16,0,2,1,41,9.7,0,No,0
858,Male,IT,81.8,80.0,6.89,1,4,4,62,8.6,3,No,1
859,Female,CSE,60.6,64.0,6.34,1,1,1,50,6.0,3,Yes,0
860,Male,CSE,84.0,74.2,6.99,1,2,2,73,6.3,0,Yes,1
861,Male,IT,69.2,61.2,5.37,1,1,1,75,6.0,1,Yes,0
862,Male,CSE,65.0,73.4,7.61,1,1,1,61,7.0,2,No,0
863,Male,CIVIL,77.5,71.0,7.57,1,2,1,55,5.0,1,Yes,0
864,Male,CSE,78.8,98.7,8.55,1,1,3,73,5.3,0,No,1
865,Male,MECH,71.8,65.5,6.12,1,1,3,63,3.2,2,Yes,0
866,Male,ECE,85.5,72.5,7.17,1,3,1,85,5.9,0,No,1
867,Female,CIVIL,65.9,73.1,6.4,0,1,0,90,8.1,1,No,0
868,Male,EEE,74.3,85.3,7.35,0,3,1,79,6.3,2,No,0
869,Female,CSE,72.7,74.1,8.89,0,2,1,68,6.4,1,No,1
870,Female,ECE,77.6,80.6,7.5,1,3,2,91,6.9,0,Yes,1
871,Female,EEE,80.5,65.4,5.87,1,1,1,68,5.0,0,Yes,0
872,Male,IT,68.9,66.6,7.01,0,4,0,58,6.5,0,Yes,1
873,Male,EEE,84.5,73.2,6.05,1,1,0,56,7.8,1,Yes,0
874,Male,CSE,78.6,63.9,5.8,0,4,2,55,7.0,3,No,0
875,Female,EEE,61.0,67.4,6.06,1,1,1,65,8.0,2,No,0
876,Female,CSE,60.4,50.5,5.86,0,2,3,71,8.4,0,No,1
877,Male,IT,77.9,67.5,7.65,0,0,2,45,7.5,0,No,1
878,Male,IT,76.0,71.8,7.53,1,1,4,59,5.4,0,No,1
879,Female,CSE,77.1,70.4,7.43,1,0,3,68,6.0,2,Yes,1
880,Female,MECH,77.7,79.4,6.5,0,3,3,74,9.4,1,Yes,0
881,Male,MECH,80.0,80.1,6.97,0,2,0,65,7.0,0,No,1
882,Female,ECE,86.5,88.2,7.95,1,2,2,68,6.8,0,Yes,1
883,Female,MECH,68.0,76.1,6.74,1,3,6,48,5.2,0,Yes,0
884,Male,EEE,67.5,78.5,7.12,0,2,5,52,6.4,1,No,0
885,Female,EEE,68.2,70.9,7.39,0,0,0,64,7.6,1,No,1
886,Male,EEE,80.6,80.5,7.14,1,1,1,72,6.5,0,Yes,1
887,Female,MECH,89.2,87.1,7.86,3,1,1,68,5.7,0,Yes,1
888,Male,MECH,74.1,75.5,8.49,1,4,0,53,6.1,0,Yes,1
889,Male,EEE,55.5,60.5,6.48,0,3,1,62,8.3,3,Yes,0
890,Male,CIVIL,62.7,65.3,7.76,2,6,0,86,7.5,0,Yes,0
891,Male,EEE,70.5,66.6,7.31,2,2,0,73,7.3,2,No,1
892,Female,MECH,73.0,76.8,6.1,1,1,3,63,7.2,0,No,1
893,Female,ECE,74.3,73.9,6.27,0,1,0,51,4.7,1,Yes,0
894,Male,EEE,78.3,72.3,6.43,0,1,4,55,6.9,1,No,0
895,Female,EEE,75.2,70.5,6.34,1,1,2,65,8.1,0,No,1
896,Male,ECE,87.4,74.0,7.09,1,4,0,69,6.1,3,Yes,1
897,Male,CSE,71.9,80.0,7.89,0,1,3,73,8.0,0,No,1
898,Male,EEE,70.2,72.7,8.11,1,3,0,70,7.3,2,No,1
899,Male,CSE,82.3,73.3,7.38,1,0,2,60,7.7,3,No,0
900,Male,ECE,64.2,74.2,6.81,2,3,4,58,6.6,0,Yes,1
901,Male,ECE,81.5,75.0,5.53,0,1,4,94,7.8,0,No,1
902,Male,MECH,78.9,67.5,6.96,0,1,2,57,4.3,3,Yes,1
903,Female,IT,76.7,83.2,7.55,2,4,2,47,6.5,2,Yes,0
904,Female,IT,92.3,81.6,7.61,0,5,1,42,7.6,2,No,0
905,Male,IT,72.4,70.6,8.71,1,2,3,60,6.9,3,No,1
906,Male,IT,96.5,88.2,8.72,2,2,0,78,8.1,0,No,1
907,Female,CSE,76.0,83.6,8.17,1,0,2,57,6.3,3,Yes,1
908,Female,ECE,66.5,70.0,6.23,0,3,1,86,5.7,0,Yes,0
909,Male,ECE,78.6,68.8,6.54,3,1,0,65,4.0,0,No,1
910,Female,CSE,68.3,74.8,7.12,0,2,2,81,6.1,0,No,1
911,Male,IT,71.2,69.3,6.35,1,0,3,54,7.3,0,No,0
912,Female,IT,81.6,92.2,8.29,0,5,0,55,7.6,0,Yes,1
913,Male,MECH,83.0,79.8,7.68,0,2,0,66,4.4,0,No,1
914,Male,IT,72.4,57.8,5.64,2,3,0,72,8.3,0,Yes,1
915,Male,MECH,86.9,84.6,8.54,1,2,4,62,5.0,0,Yes,1
916,Male,ECE,88.4,96.7,8.15,0,0,3,69,6.3,0,No,1
917,Male,CSE,90.9,95.6,6.64,0,1,0,73,5.6,0,Yes,1
918,Female,IT,82.8,92.5,7.86,1,4,2,45,7.1,3,No,1
919,Male,MECH,90.3,77.0,7.5,1,1,3,60,6.6,0,No,0
920,Female,ECE,61.1,73.0,7.9,2,1,2,58,7.5,0,No,1
921,Female,CSE,75.1,70.0,6.73,1,2,1,58,9.3,0,Yes,1
922,Female,CIVIL,70.2,73.7,7.81,0,0,6,71,7.1,0,Yes,1
923,Male,CIVIL,79.1,68.5,7.09,1,4,1,58,5.6,0,No,1
924,Male,EEE,72.9,69.2,5.92,0,1,1,37,7.2,3,No,0
925,Female,IT,76.5,71.2,5.92,1,4,2,62,9.4,0,No,0
926,Male,ECE,94.9,93.2,8.83,1,0,1,50,7.5,1,Yes,0
927,Female,IT,76.5,81.5,8.42,1,1,0,72,7.9,1,No,1
928,Male,MECH,81.7,81.0,7.7,1,2,1,76,4.1,0,Yes,1
929,Female,CIVIL,75.9,66.1,8.04,0,1,2,35,7.1,0,Yes,1
930,Female,IT,78.7,75.0,8.05,0,1,1,54,6.1,0,Yes,1
931,Female,IT,78.1,71.6,7.61,1,1,1,70,5.5,0,Yes,1
932,Female,ECE,82.0,85.3,6.88,1,1,1,45,6.5,1,Yes,0
933,Female,IT,88.5,91.3,9.24,1,2,2,76,6.7,1,Yes,1
934,Female,EEE,92.8,93.1,8.35,2,3,3,80,5.6,0,Yes,1
935,Female,CSE,80.8,73.2,6.82,1,2,1,63,6.8,0,No,1
936,Female,MECH,83.3,60.8,6.1,0,0,1,54,6.2,1,Yes,1
937,Female,EEE,67.6,58.2,6.73,0,4,2,33,7.6,3,No,0
938,Female,EEE,77.2,86.3,6.32,2,0,1,76,6.8,2,No,1
939,Male,ECE,86.5,79.1,7.92,1,2,0,93,7.1,0,No,1
940,Female,CSE,85.8,76.2,6.49,0,3,2,90,8.0,1,No,1
941,Male,CSE,79.9,89.4,8.07,1,0,2,62,7.3,0,Yes,1
942,Female,CIVIL,86.0,90.5,7.4,0,2,1,50,6.5,2,Yes,0
943,Female,CSE,82.4,79.6,7.17,1,1,0,77,3.4,0,No,1
944,Female,MECH,88.8,81.2,6.84,0,3,2,63,7.3,1,No,1
945,Male,EEE,80.6,77.4,7.17,1,3,2,72,5.1,1,No,0
946,Female,CSE,74.8,76.5,8.77,2,3,1,69,6.4,1,No,1
947,Male,ECE,81.0,89.8,8.9,0,2,2,66,7.1,3,No,1
948,Female,ECE,51.6,63.9,7.04,1,2,1,79,8.5,0,Yes,1
949,Male,IT,81.4,83.9,7.54,0,1,5,80,9.3,3,Yes,1
950,Female,IT,45.2,65.3,7.49,2,3,0,58,5.1,0,No,1
951,Female,ECE,62.5,59.3,7.48,0,0,1,52,4.5,0,No,0
952,Female,CSE,82.1,84.5,6.92,0,3,2,30,7.0,0,No,0
953,Male,MECH,82.3,77.3,7.23,1,4,5,60,6.9,0,No,0
954,Female,ECE,67.5,52.9,5.0,1,3,1,50,4.7,1,No,0
955,Female,EEE,71.6,58.1,7.42,0,3,6,71,6.5,0,Yes,1
956,Female,ECE,90.3,77.1,8.94,1,2,1,60,7.4,0,No,1
957,Male,MECH,73.6,77.9,7.38,0,4,0,62,4.7,0,No,0
958,Female,ECE,98.2,89.7,6.09,0,0,3,76,5.0,1,No,0
959,Female,IT,78.0,78.1,7.81,0,1,1,71,5.5,2,No,1
960,Female,ECE,81.7,92.7,7.18,0,3,2,63,6.2,0,No,1
961,Female,ECE,92.6,76.7,6.74,1,6,1,89,7.5,0,Yes,1
962,Male,IT,79.2,77.3,7.79,4,1,3,75,6.0,1,No,1
963,Male,ECE,69.0,73.5,7.34,0,4,1,59,6.6,3,Yes,0
964,Female,CSE,77.0,71.0,6.65,0,0,1,60,9.9,0,Yes,1
965,Female,CSE,77.7,76.8,6.75,1,1,0,76,5.1,0,Yes,1
966,Female,MECH,65.7,58.2,6.63,0,3,0,68,5.5,3,Yes,0
967,Female,EEE,75.7,85.3,7.28,0,2,1,49,7.5,0,No,0
968,Female,EEE,71.3,68.0,6.03,0,2,2,78,8.0,0,Yes,1
969,Male,CSE,86.3,96.0,7.77,2,1,0,83,7.1,0,Yes,1
970,Male,CSE,78.3,76.8,7.54,1,1,0,82,9.2,1,No,1
971,Male,ECE,75.5,82.5,7.36,0,1,3,87,7.0,0,No,1
972,Female,ECE,77.0,75.8,6.1,0,2,0,94,3.5,1,No,0
973,Male,ECE,80.0,77.8,8.1,1,3,0,89,6.6,0,No,1
974,Female,EEE,83.6,76.1,5.05,0,3,1,70,5.6,0,No,0
975,Female,CIVIL,69.0,72.2,6.73,1,1,1,62,8.6,0,No,1
976,Male,MECH,68.6,73.4,6.64,0,0,2,39,7.9,2,Yes,0
977,Female,MECH,87.9,77.3,7.41,2,3,1,65,4.1,0,Yes,1
978,Female,EEE,74.3,73.7,7.6,1,1,2,72,8.5,3,No,1
979,Female,CSE,65.2,64.8,7.69,2,2,3,66,7.9,2,No,0
980,Female,MECH,82.0,95.3,7.44,0,0,1,39,6.0,2,No,0
981,Male,CSE,82.2,78.7,7.82,1,2,1,61,6.4,0,No,1
982,Female,MECH,64.2,79.3,7.53,0,2,2,74,8.6,3,No,0
983,Female,EEE,80.1,76.7,5.9,4,1,3,51,3.5,1,No,0
984,Male,MECH,84.6,82.6,9.02,1,2,1,67,7.2,0,Yes,1
985,Male,IT,81.4,69.6,5.83,1,1,1,71,8.1,0,Yes,0
986,Male,ECE,83.7,77.1,7.62,2,3,1,81,6.4,3,No,0
987,Female,CSE,65.4,70.7,7.34,0,5,0,89,7.5,0,Yes,1
988,Female,IT,81.0,89.7,8.01,0,4,4,60,6.7,3,No,1
989,Male,ECE,75.3,76.7,6.87,0,2,1,68,5.3,0,Yes,0
990,Female,ECE,73.7,83.9,8.22,0,1,1,68,5.3,2,Yes,1
991,Female,ECE,85.8,86.0,6.39,1,2,2,74,7.6,0,No,1
992,Male,ECE,91.3,96.2,8.0,1,1,1,73,5.5,2,Yes,0
993,Female,EEE,94.1,86.0,7.19,0,1,4,85,4.2,2,No,0
994,Female,IT,89.8,99.0,7.62,1,2,2,32,6.7,1,Yes,1
995,Female,CIVIL,77.0,72.8,7.45,0,1,1,71,5.7,3,Yes,0
996,Male,EEE,81.2,73.4,8.0,0,0,1,72,4.7,1,No,1
997,Male,CIVIL,84.9,72.5,6.83,0,1,1,62,6.6,2,Yes,0
998,Male,IT,79.1,93.8,8.58,1,0,1,33,7.7,1,No,0
999,Female,CSE,79.2,83.3,7.57,0,5,1,64,6.5,0,Yes,1
1000,Female,MECH,85.4,78.9,6.64,1,4,1,55,4.9,0,No,1
1001,Female,CSE,77.5,85.2,7.4,1,4,1,88,7.2,0,Yes,1
1002,Male,ECE,71.4,77.7,7.07,1,1,2,70,8.1,1,Yes,1
1003,Female,CIVIL,74.3,88.3,7.17,0,1,2,54,9.8,0,No,1
1004,Male,CIVIL,83.7,69.4,7.32,2,2,1,36,8.7,0,No,0
1005,Female,IT,78.0,74.9,7.38,1,2,2,73,5.0,2,No,0
1006,Female,EEE,81.1,75.4,5.94,2,1,4,75,7.8,1,No,1
1007,Male,CSE,84.0,66.6,5.54,0,3,2,62,6.9,0,No,1
1008,Female,CSE,74.6,82.2,7.83,0,2,1,73,4.8,1,Yes,1
1009,Female,CSE,84.8,79.0,6.71,1,3,0,60,6.9,1,No,0
1010,Male,ECE,81.4,84.0,7.8,0,0,3,80,9.4,0,No,1
1011,Male,EEE,66.9,86.7,8.29,2,0,1,79,8.3,1,No,1
1012,Male,MECH,91.0,82.1,6.47,1,2,1,42,5.0,0,No,1
1013,Female,CSE,73.5,71.2,5.92,1,2,1,45,6.5,0,Yes,0
1014,Female,CSE,63.1,68.7,8.29,0,0,0,93,7.2,0,No,0
1015,Male,CSE,68.6,78.1,7.61,1,1,0,78,3.9,1,No,0
1016,Female,CIVIL,68.8,67.3,6.56,1,1,1,47,4.0,1,Yes,0
1017,Male,ECE,78.5,72.7,6.36,4,2,2,43,6.7,2,No,0
1018,Male,CSE,75.5,82.7,7.1,0,3,3,68,6.8,0,No,0
1019,Female,ECE,75.0,77.7,6.36,4,4,2,49,3.7,0,No,0
1020,Male,CSE,83.6,65.8,7.54,4,1,1,61,7.1,0,No,1
1021,Female,ECE,81.1,70.1,6.38,1,1,1,64,8.1,2,Yes,0
1022,Female,IT,80.8,89.0,8.63,1,1,3,64,6.2,0,Yes,1
1023,Female,ECE,81.7,81.8,7.15,0,1,1,81,6.6,2,Yes,0
1024,Female,CSE,83.5,74.8,6.36,0,4,3,91,7.4,0,No,1
1025,Male,CSE,59.0,64.2,6.43,1,1,1,58,7.2,0,Yes,1
1026,Female,CSE,74.7,74.9,5.1,3,4,2,49,4.0,0,No,0
1027,Male,IT,58.4,70.2,6.91,0,2,2,70,5.1,2,No,1
1028,Male,MECH,78.3,67.5,6.76,2,1,1,88,5.9,0,No,1
1029,Female,EEE,78.0,70.9,7.7,2,3,2,59,5.2,0,Yes,1
1030,Female,EEE,87.4,84.4,6.07,3,1,1,77,8.7,1,Yes,1
1031,Male,ECE,88.7,82.5,8.43,0,1,0,53,7.5,1,No,1
1032,Female,ECE,79.8,81.9,8.13,0,4,1,65,4.8,1,No,0
1033,Male,ECE,73.5,65.5,7.82,2,1,0,49,6.2,0,Yes,0
1034,Male,IT,82.4,81.9,7.43,1,2,2,65,8.2,3,Yes,1
1035,Male,CIVIL,73.2,81.6,8.28,0,1,1,63,5.5,0,No,1
1036,Male,ECE,78.0,80.2,6.23,1,0,2,74,7.8,0,No,0
1037,Female,CIVIL,86.9,83.1,8.09,0,2,0,90,8.6,0,No,1
1038,Female,CSE,73.0,73.1,6.51,1,4,2,60,8.3,0,Yes,1
1039,Male,CSE,85.3,75.3,5.89,2,1,2,37,6.8,0,No,0
1040,Female,CSE,84.1,80.0,6.5,1,2,2,62,8.4,0,Yes,1
1041,Female,CSE,69.4,80.5,7.42,1,3,2,69,5.7,1,No,1
1042,Male,CSE,86.8,81.2,6.79,0,3,0,68,10.0,1,Yes,1
1043,Female,IT,84.3,74.4,7.48,1,0,1,63,6.9,2,Yes,1
1044,Male,ECE,78.9,73.9,5.71,1,4,1,86,8.2,0,Yes,1
1045,Female,ECE,71.1,74.1,5.46,1,1,3,67,6.0,0,Yes,0
1046,Female,CSE,70.3,69.6,8.08,0,3,0,64,7.2,0,Yes,1
1047,Female,CSE,73.2,77.3,8.02,1,2,1,54,7.3,0,No,1
1048,Female,CSE,82.9,83.4,6.7,1,0,3,41,5.1,1,No,0
1049,Female,CSE,69.4,77.9,7.31,2,2,2,70,5.1,0,No,1
1050,Male,ECE,81.9,89.1,8.58,1,2,2,68,6.2,0,Yes,1
1051,Male,CSE,66.8,77.1,7.62,4,1,0,50,8.2,1,Yes,1
1052,Male,CSE,76.2,69.2,7.09,1,5,0,64,3.8,1,No,0
1053,Male,MECH,79.0,71.1,7.92,2,2,2,63,6.0,1,No,1
1054,Male,IT,99.0,88.9,7.17,0,3,0,56,8.5,1,Yes,1
1055,Male,CSE,65.6,66.2,6.87,1,2,4,54,4.7,2,No,0
1056,Female,MECH,91.2,76.8,7.26,1,3,0,71,8.4,2,Yes,0
1057,Female,MECH,79.3,74.5,6.96,0,3,1,62,4.8,3,Yes,0
1058,Female,MECH,81.7,75.7,6.92,0,4,2,57,5.1,0,Yes,0
1059,Female,MECH,79.1,72.8,7.17,0,2,1,53,6.3,0,No,0
1060,Male,EEE,82.0,77.0,7.31,1,2,2,63,9.3,0,Yes,1
1061,Female,IT,76.6,84.2,6.73,1,2,0,78,5.5,0,Yes,1
1062,Female,CSE,91.1,86.1,8.29,0,3,4,68,3.9,1,No,1
1063,Male,EEE,73.9,91.6,7.08,2,2,2,62,4.4,1,Yes,0
1064,Female,MECH,88.2,84.1,7.39,0,1,2,69,7.9,0,Yes,1
1065,Female,IT,72.2,71.3,6.82,2,0,1,84,4.5,3,No,1
1066,Female,EEE,77.5,76.5,7.55,1,3,0,72,8.3,0,No,1
1067,Male,IT,68.4,72.8,5.42,1,3,1,69,6.6,0,Yes,0
1068,Male,MECH,82.1,82.3,8.2,2,2,0,74,6.5,0,Yes,1
1069,Male,MECH,91.0,99.0,7.62,1,4,2,63,6.9,0,Yes,1
1070,Male,CIVIL,77.3,70.5,8.0,0,1,1,68,5.3,0,No,0
1071,Female,CIVIL,76.2,81.7,7.09,0,2,1,58,6.7,1,No,1
1072,Male,EEE,68.0,72.3,7.05,0,1,0,43,4.7,0,Yes,0
1073,Male,CIVIL,75.9,64.5,8.31,1,1,6,70,8.5,1,No,1
1074,Male,CSE,63.7,73.6,6.92,1,2,2,70,5.0,1,No,1
1075,Female,IT,69.8,80.8,8.42,1,3,1,61,7.2,2,Yes,0
1076,Female,IT,80.0,72.0,7.11,1,4,2,80,4.9,2,No,1
1077,Female,MECH,89.9,83.9,7.89,0,1,1,55,5.7,3,No,0
1078,Female,CSE,99.0,77.3,7.35,2,0,2,40,5.9,0,No,1
1079,Male,ECE,72.7,64.8,7.47,0,1,3,55,10.0,2,No,0
1080,Male,ECE,90.9,91.9,7.33,0,3,2,43,6.5,1,No,1
1081,Female,ECE,80.2,74.9,6.41,2,0,1,70,5.3,0,Yes,0
1082,Female,MECH,76.6,68.2,6.42,0,2,2,54,5.8,3,Yes,0
1083,Female,IT,81.9,80.7,7.51,0,2,2,79,4.2,2,Yes,0
1084,Female,MECH,78.6,73.5,6.96,2,3,1,78,6.3,0,No,1
1085,Male,ECE,79.0,74.1,7.73,2,1,1,52,9.3,3,Yes,1
1086,Female,IT,74.3,79.8,8.44,0,2,2,54,7.0,1,Yes,1
1087,Female,IT,65.4,61.1,5.86,1,2,2,72,7.9,0,Yes,0
1088,Male,MECH,64.1,62.1,6.1,1,3,0,79,5.1,0,Yes,1
1089,Female,ECE,83.9,81.4,6.31,0,3,3,37,6.2,1,No,1
1090,Female,MECH,75.5,82.1,9.11,1,3,2,69,6.8,3,Yes,0
1091,Female,ECE,72.6,82.2,7.73,0,3,3,34,5.4,0,No,0
1092,Female,CSE,78.1,72.2,7.47,1,3,2,57,7.1,0,No,1
1093,Male,MECH,85.2,87.7,6.64,0,1,2,80,7.4,0,No,0
1094,Female,MECH,79.6,72.3,7.09,3,2,2,100,7.3,0,No,1
1095,Male,ECE,72.1,86.0,8.05,0,2,2,62,6.3,0,Yes,1
1096,Female,IT,89.0,75.5,7.02,0,1,1,48,8.1,3,No,0
1097,Male,IT,92.2,94.6,8.84,1,0,1,58,6.1,3,No,0
1098,Female,MECH,82.5,74.9,9.05,1,0,1,66,6.0,1,Yes,1
1099,Male,CSE,86.8,96.2,7.29,0,2,0,56,8.7,0,Yes,1
1100,Male,CSE,89.2,87.7,6.89,0,1,1,52,4.8,0,No,0
1101,Female,MECH,88.2,75.8,6.53,0,1,0,59,3.9,0,No,0
1102,Female,CIVIL,83.5,76.4,8.54,0,0,2,71,5.2,2,No,0
1103,Female,EEE,83.4,85.5,8.45,1,0,2,63,7.1,0,Yes,1
1104,Male,CSE,82.7,87.0,7.57,0,3,2,53,8.4,3,Yes,1
1105,Female,CSE,68.1,70.4,7.05,0,3,1,56,5.5,1,No,1
1106,Female,CSE,84.3,80.9,6.78,1,6,4,59,9.2,0,Yes,1
1107,Female,MECH,65.8,74.8,7.9,1,1,0,51,6.5,3,No,0
1108,Male,EEE,70.8,73.4,6.83,2,1,2,55,6.3,0,No,0
1109,Male,CSE,89.7,74.8,6.98,2,1,2,74,5.2,0,No,0
1110,Male,EEE,85.6,75.7,7.72,0,0,4,62,9.4,0,Yes,1
1111,Male,IT,91.4,86.5,7.51,0,2,2,40,6.3,0,No,0
1112,Female,ECE,75.6,83.9,7.37,0,4,2,79,4.5,3,No,0
1113,Male,CSE,67.6,81.9,7.48,1,0,3,71,10.0,1,No,1
1114,Female,MECH,75.8,80.9,8.07,0,2,3,46,7.1,0,No,0
1115,Female,IT,78.9,79.4,8.69,0,2,2,60,7.7,0,No,1
1116,Female,CSE,78.7,82.5,7.97,3,1,2,54,9.0,0,Yes,1
1117,Male,CSE,88.2,78.3,7.97,0,0,2,74,7.4,2,No,1
1118,Female,EEE,74.7,73.7,6.99,2,5,1,60,8.0,0,Yes,1
1119,Male,ECE,81.2,73.0,6.55,1,1,2,64,6.6,1,No,0
1120,Female,IT,69.1,62.7,7.23,2,3,0,62,7.6,0,Yes,1
1121,Female,MECH,82.1,81.6,7.6,1,0,0,44,6.4,0,No,0
1122,Female,CSE,78.0,78.1,6.19,0,4,0,85,6.5,1,No,1
1123,Female,IT,71.3,77.6,7.04,1,3,0,74,6.7,0,No,1
1124,Male,MECH,75.9,79.4,7.31,0,2,1,55,5.9,0,Yes,1
1125,Male,EEE,76.3,77.5,6.89,0,0,1,68,7.3,0,Yes,1
1126,Female,ECE,75.6,79.3,8.56,1,1,0,79,7.3,0,Yes,1
1127,Female,MECH,93.9,86.0,8.02,0,4,0,66,7.7,0,No,1
1128,Female,IT,77.1,79.2,8.47,2,1,0,87,7.5,0,Yes,1
1129,Female,CSE,75.8,70.4,7.23,1,1,1,100,9.5,1,No,1
1130,Male,ECE,59.1,68.0,6.99,2,0,2,63,8.1,0,Yes,1
1131,Male,IT,70.0,76.7,6.52,1,0,0,57,6.2,1,No,0
1132,Male,ECE,75.6,70.7,7.04,0,0,2,51,7.2,0,No,0
1133,Male,CSE,71.8,73.4,7.15,0,5,5,34,8.6,0,No,1
1134,Male,CSE,90.4,79.9,6.3,0,4,2,82,5.1,0,No,1
1135,Female,MECH,76.5,72.2,6.66,1,3,1,60,9.5,0,No,1
1136,Female,MECH,89.6,75.9,6.98,1,3,3,77,5.3,1,No,1
1137,Male,CSE,78.6,86.0,7.97,0,0,1,80,7.9,0,Yes,1
1138,Female,CSE,78.3,84.4,7.95,0,1,2,50,6.5,0,No,1
1139,Male,EEE,77.2,80.1,6.94,0,1,1,52,6.4,0,No,0
1140,Male,MECH,78.0,90.6,8.2,2,2,0,89,4.5,0,Yes,1
1141,Male,CSE,93.5,84.8,7.45,2,2,1,64,7.9,0,Yes,1
1142,Male,EEE,57.1,85.5,5.32,0,0,2,56,4.6,1,No,0
1143,Female,EEE,60.0,64.4,6.39,0,2,6,50,4.3,0,No,0
1144,Male,CSE,73.1,75.6,8.09,2,3,0,63,8.2,1,No,1
1145,Male,CSE,78.1,74.1,5.82,1,4,1,86,9.2,0,Yes,1
1146,Male,IT,84.2,83.1,7.61,1,1,2,75,5.5,1,No,1
1147,Female,IT,82.3,85.2,8.88,1,0,1,68,8.0,0,Yes,1
1148,Male,ECE,74.5,73.9,6.55,0,2,0,87,7.7,3,Yes,1
1149,Male,IT,87.2,94.8,7.99,1,2,3,85,6.4,3,No,1
1150,Female,MECH,87.3,84.1,6.52,2,2,3,70,8.5,0,Yes,1
1151,Male,IT,79.7,79.7,8.69,0,3,1,100,6.3,0,Yes,1
1152,Female,IT,86.7,75.7,7.16,3,0,1,62,7.3,0,Yes,1
1153,Male,MECH,80.5,81.2,7.49,2,0,2,80,4.6,3,Yes,0
1154,Female,EEE,72.9,72.8,8.2,0,2,1,59,4.7,0,Yes,0
1155,Male,CSE,84.3,76.3,7.78,0,3,4,78,8.3,0,Yes,1
1156,Female,EEE,79.0,72.0,6.38,2,1,1,62,7.3,0,No,1
1157,Male,ECE,78.0,95.5,7.5,1,1,1,71,6.3,0,No,1
1158,Female,MECH,91.3,82.9,7.91,0,0,1,98,9.4,3,Yes,1
1159,Female,CSE,55.9,53.3,5.83,0,0,4,78,9.3,0,No,0
1160,Female,IT,65.2,64.2,5.07,0,3,2,72,7.2,1,No,0
1161,Male,IT,67.3,70.0,6.96,0,1,0,54,4.3,1,Yes,0
1162,Female,CSE,74.7,78.6,6.16,0,3,2,68,6.3,2,Yes,1
1163,Female,MECH,75.7,79.3,8.67,0,2,1,51,5.3,1,Yes,1
1164,Female,CIVIL,64.4,73.4,7.28,2,2,2,77,6.6,3,No,0
1165,Male,EEE,69.1,66.9,6.15,0,3,2,77,5.1,1,No,0
1166,Female,IT,70.3,74.6,6.63,1,3,1,62,4.7,2,Yes,0
1167,Male,EEE,99.0,83.3,6.02,1,2,3,88,3.1,0,Yes,1
1168,Male,ECE,94.2,82.2,6.61,0,4,0,86,6.8,0,Yes,1
1169,Male,EEE,74.3,68.2,7.74,0,2,2,67,3.1,1,No,0
1170,Male,EEE,74.7,66.5,8.65,4,2,3,73,6.0,3,Yes,1
1171,Female,ECE,67.7,78.1,7.91,1,1,0,57,7.5,0,No,0
1172,Female,CIVIL,60.8,71.3,6.98,1,3,3,61,5.4,0,No,0
1173,Male,MECH,76.9,83.0,7.17,2,2,0,50,4.9,2,No,0
1174,Female,ECE,69.0,71.7,6.3,0,0,0,58,6.4,0,Yes,0
1175,Female,ECE,77.2,81.8,9.12,0,2,0,64,5.3,0,No,1
1176,Female,ECE,63.6,55.8,6.28,2,0,4,42,6.8,1,No,0
1177,Female,ECE,71.1,78.7,9.04,1,2,2,73,5.0,0,No,1
1178,Male,EEE,79.3,78.8,8.47,0,3,3,79,6.3,3,No,1
1179,Male,ECE,81.3,83.2,6.14,1,1,3,65,6.0,0,Yes,1
1180,Female,CIVIL,81.8,81.7,6.94,0,1,0,27,6.5,2,Yes,0
1181,Female,IT,66.1,62.8,6.18,0,1,1,61,9.0,0,No,1
1182,Female,EEE,85.7,70.9,6.97,1,1,0,45,6.8,0,No,0
1183,Female,MECH,70.8,67.5,6.85,0,2,1,56,7.3,3,No,0
1184,Female,IT,83.7,84.2,9.96,2,2,2,85,5.6,2,No,1
1185,Male,CSE,77.9,81.6,6.6,0,1,2,31,6.8,1,No,0
1186,Male,CSE,65.6,59.8,6.78,1,1,0,54,6.1,0,No,0
1187,Male,CSE,75.2,68.3,7.43,1,2,1,77,6.5,2,Yes,0
1188,Male,ECE,81.3,73.7,7.15,0,3,2,55,7.5,1,Yes,1
1189,Female,ECE,83.5,77.6,7.39,0,2,0,54,5.7,3,No,0
1190,Male,EEE,76.7,66.5,6.02,1,3,2,93,5.9,0,No,1
1191,Female,EEE,91.8,75.1,7.29,0,1,1,70,5.8,0,No,1
1192,Female,CSE,87.1,76.5,7.67,1,5,1,78,5.7,0,No,1
1193,Male,ECE,75.7,76.0,7.5,0,5,1,72,6.8,1,No,1
1194,Male,CSE,84.8,72.6,7.56,2,0,2,67,6.0,0,Yes,0
1195,Female,EEE,95.4,86.4,8.79,2,1,4,83,8.7,2,No,1
1196,Female,ECE,95.6,94.8,8.74,0,1,1,92,10.0,3,No,1
1197,Male,CSE,66.9,61.0,6.7,0,6,2,41,5.6,0,Yes,0
1198,Male,CSE,69.7,70.4,6.08,0,2,1,65,6.9,3,Yes,0
1199,Female,MECH,91.4,92.0,7.4,2,2,1,64,8.1,1,Yes,1
1200,Female,CSE,68.5,68.2,6.75,0,0,1,59,6.1,0,Yes,1
1201,Female,MECH,66.1,65.6,7.03,0,2,0,79,5.0,0,No,0
1202,Male,CIVIL,73.6,82.3,7.11,0,1,1,69,9.1,0,No,1
1203,Male,EEE,81.8,76.9,6.53,1,1,1,92,7.5,0,No,1
1204,Female,CSE,77.1,84.0,6.61,2,1,6,80,7.0,0,No,0
1205,Male,MECH,72.1,76.3,5.93,1,5,1,84,8.7,0,No,1
1206,Female,CSE,71.9,70.7,6.84,1,0,2,48,7.7,2,No,0
1207,Female,CIVIL,71.6,76.3,6.08,0,1,0,54,6.4,0,Yes,0
1208,Female,CIVIL,70.1,74.3,6.37,1,2,0,55,5.0,1,Yes,1
1209,Female,ECE,98.5,96.2,7.73,1,2,0,84,5.8,0,No,1
1210,Female,ECE,80.7,74.6,6.12,2,2,1,51,8.3,1,No,1
1211,Female,MECH,86.0,81.9,7.78,0,0,2,52,7.5,0,No,1
1212,Male,EEE,73.6,73.7,7.74,1,0,5,49,6.2,0,No,1
1213,Male,CSE,76.3,80.7,6.99,1,0,3,100,9.1,1,Yes,1
1214,Male,CIVIL,71.6,65.8,6.48,0,0,2,63,6.3,0,Yes,0
1215,Female,ECE,54.1,69.6,7.41,1,1,3,72,8.0,1,No,1
1216,Male,IT,65.6,72.6,6.53,1,6,2,49,6.8,3,No,0
1217,Female,IT,61.7,57.8,5.89,0,2,3,78,9.4,1,Yes,1
1218,Female,ECE,57.8,73.1,8.08,0,0,2,40,7.6,1,No,0
1219,Male,ECE,67.2,86.0,8.35,3,1,1,51,6.6,3,Yes,0
1220,Female,ECE,89.9,91.0,8.32,1,1,1,55,6.2,0,No,1
1221,Male,CIVIL,77.6,86.5,8.4,1,2,2,68,6.5,2,No,1
1222,Male,CSE,89.6,84.4,5.99,1,1,1,54,5.4,0,No,0
1223,Female,ECE,81.7,67.4,7.98,0,2,1,86,4.4,0,No,0
1224,Female,MECH,85.0,68.1,7.24,1,0,3,72,7.0,0,No,1
1225,Female,CSE,69.9,73.7,7.96,0,1,1,55,5.7,1,No,0
1226,Male,CSE,82.7,75.5,7.53,2,3,3,79,5.7,0,No,1
1227,Female,CIVIL,84.6,74.4,7.22,1,3,2,59,6.4,0,No,1
1228,Male,EEE,72.8,73.2,6.91,0,1,2,57,6.6,0,No,0
1229,Female,EEE,83.0,84.1,7.86,0,0,3,78,6.5,0,No,1
1230,Male,CSE,83.1,69.7,6.74,1,2,0,31,9.1,1,No,0
1231,Female,EEE,73.1,70.7,7.72,0,6,1,75,7.5,0,No,1
1232,Female,EEE,67.9,81.3,6.18,1,0,0,55,9.7,0,Yes,0
1233,Male,ECE,67.3,62.9,6.28,2,1,1,55,5.8,0,Yes,0
1234,Male,IT,78.8,83.4,9.17,0,2,2,92,7.7,0,Yes,1
1235,Male,CSE,80.9,75.1,6.7,1,1,1,58,5.9,2,No,0
1236,Female,ECE,70.9,76.4,7.07,0,2,0,78,5.7,1,Yes,1
1237,Female,IT,78.2,84.6,6.88,0,1,2,69,9.7,0,No,1
1238,Female,CSE,83.1,85.0,7.87,0,1,2,70,5.3,0,Yes,1
1239,Male,IT,83.6,86.5,7.07,0,2,2,61,3.2,1,Yes,1
1240,Female,ECE,92.0,77.1,7.14,2,2,0,61,5.4,0,No,1
1241,Male,CSE,89.5,91.5,8.54,1,2,2,86,3.5,0,No,1
1242,Male,CSE,69.0,65.4,6.26,0,1,2,78,5.1,2,Yes,0
1243,Male,ECE,93.2,87.7,8.34,0,4,5,58,5.2,2,No,0
1244,Female,IT,73.2,75.7,7.89,1,3,1,50,6.6,0,Yes,1
1245,Female,IT,87.4,85.8,8.48,1,4,2,57,3.4,1,No,1
1246,Female,EEE,78.6,79.5,7.49,3,3,1,79,8.3,2,Yes,1
1247,Male,CSE,74.3,68.7,9.54,0,1,0,82,3.7,3,Yes,1
1248,Female,EEE,61.7,57.6,7.35,3,1,0,73,6.3,0,Yes,1
1249,Female,ECE,76.5,82.0,7.74,0,2,1,42,6.0,1,Yes,0
1250,Male,CSE,64.0,69.7,6.29,2,2,3,76,7.7,0,No,1
1251,Male,CSE,86.7,90.1,7.73,1,1,0,83,7.0,0,No,1
1252,Male,ECE,91.7,84.7,8.73,1,2,2,67,8.3,0,Yes,1
1253,Male,ECE,70.8,62.6,8.07,0,1,2,93,6.0,1,No,1
1254,Male,MECH,80.7,85.2,8.79,3,1,1,47,5.8,1,No,1
1255,Male,ECE,71.5,70.3,7.64,0,3,0,75,7.1,0,Yes,1
1256,Male,CSE,72.3,75.8,6.23,0,2,0,51,8.0,0,Yes,0
1257,Female,CSE,85.0,76.5,7.65,3,1,3,80,7.7,0,Yes,1
1258,Female,MECH,77.7,88.1,6.73,1,2,4,74,7.0,2,No,0
1259,Male,MECH,93.7,80.1,6.21,0,2,1,90,6.8,3,No,1
1260,Male,CSE,73.7,71.9,7.27,2,0,3,72,6.4,0,Yes,0
1261,Male,IT,87.0,83.0,7.94,0,0,0,59,7.1,0,Yes,1
1262,Female,MECH,78.9,69.7,7.71,2,2,1,58,9.6,1,Yes,1
1263,Female,CSE,85.2,83.4,7.93,1,4,2,61,6.1,0,Yes,1
1264,Male,ECE,74.0,85.7,8.05,2,1,0,58,6.0,0,No,0
1265,Female,IT,77.6,73.1,6.34,1,2,3,84,5.8,0,No,1
1266,Female,ECE,77.0,79.0,7.28,0,1,1,83,7.1,0,Yes,1
1267,Female,CSE,70.5,53.1,5.12,0,3,3,44,3.3,3,Yes,0
1268,Female,EEE,84.0,80.1,5.8,1,2,2,66,6.3,1,Yes,0
1269,Female,CSE,83.9,78.1,7.92,0,1,0,66,7.8,0,Yes,1
1270,Male,CIVIL,83.3,74.3,6.57,1,0,1,54,5.7,0,No,0
1271,Female,CIVIL,91.8,92.7,8.61,2,3,3,71,6.8,2,No,1
1272,Male,CIVIL,91.0,82.3,8.38,0,1,1,85,9.7,0,No,1
1273,Male,MECH,74.6,73.5,6.64,1,1,1,77,7.0,0,Yes,1
1274,Female,MECH,81.4,76.2,7.72,0,3,0,84,3.1,1,No,0
1275,Male,ECE,72.4,60.0,6.07,3,3,0,55,4.4,0,No,0
1276,Male,IT,78.2,69.0,5.48,2,2,1,66,6.1,1,Yes,0
1277,Female,CSE,72.6,80.3,7.51,2,3,0,54,5.3,0,No,1
1278,Female,ECE,92.6,70.8,6.66,0,1,1,68,6.7,1,No,0
1279,Female,IT,81.3,73.4,6.78,1,1,2,70,6.1,1,No,1
1280,Female,IT,76.0,72.8,8.69,0,1,0,78,8.2,0,No,1
1281,Male,EEE,88.7,95.4,6.8,0,3,0,83,4.9,1,Yes,0
1282,Female,EEE,58.5,70.5,7.33,1,2,2,75,6.2,0,No,1
1283,Male,CSE,59.9,62.0,5.88,0,3,1,53,6.8,1,No,0
1284,Female,MECH,85.2,90.3,8.54,0,1,0,46,7.0,0,No,0
1285,Male,CSE,78.5,71.9,7.31,0,2,2,72,6.7,1,Yes,1
1286,Male,ECE,80.3,85.2,7.91,1,0,3,86,2.9,0,Yes,1
1287,Female,ECE,66.1,60.1,5.85,0,3,2,65,6.6,0,No,0
1288,Male,IT,77.8,84.2,6.96,1,1,0,44,6.3,0,No,1
1289,Female,IT,96.0,84.8,8.33,0,1,3,94,7.8,0,Yes,1
1290,Male,IT,85.4,74.0,8.58,2,2,3,72,7.6,0,No,1
1291,Male,CIVIL,79.5,76.2,7.63,2,4,1,67,6.9,0,No,1
1292,Female,ECE,74.0,76.3,6.53,2,0,3,49,7.0,0,No,1
1293,Female,CSE,74.4,71.2,7.32,1,4,2,65,8.5,0,Yes,1
1294,Male,ECE,58.8,69.2,8.91,2,1,0,75,8.2,1,No,1
1295,Female,ECE,80.3,74.1,7.25,0,2,0,72,6.9,0,No,1
1296,Male,MECH,85.6,85.7,8.8,2,4,3,55,9.7,0,No,1
1297,Male,ECE,63.8,71.4,6.46,0,3,2,64,5.6,0,No,1
1298,Female,IT,72.0,72.8,7.08,1,2,0,56,4.7,0,No,0
1299,Male,ECE,67.6,67.5,7.4,1,4,0,88,6.5,3,Yes,1
1300,Male,ECE,69.3,72.6,7.42,0,1,6,78,5.9,0,Yes,1
1301,Male,CIVIL,78.5,81.0,6.83,1,2,1,58,2.8,0,Yes,0
1302,Male,MECH,59.2,80.0,6.75,2,2,3,49,5.5,0,No,0
1303,Male,ECE,83.5,86.7,8.46,1,3,2,69,7.0,3,No,1
1304,Male,MECH,84.8,87.7,8.66,1,0,2,58,6.4,2,No,1
1305,Male,EEE,75.7,97.0,9.29,2,1,1,59,5.3,0,No,1
1306,Male,CSE,55.7,67.0,8.32,1,1,1,49,6.6,0,No,1
1307,Female,EEE,69.0,74.8,7.3,1,0,2,51,6.7,0,No,0
1308,Male,IT,89.1,88.4,7.49,1,2,2,67,7.6,0,Yes,1
1309,Male,CSE,53.0,54.7,7.47,0,5,1,61,5.5,0,No,0
1310,Male,ECE,74.9,71.8,7.64,3,0,2,100,7.8,2,Yes,1
1311,Female,ECE,67.4,66.9,6.09,0,1,3,73,4.9,0,No,0
1312,Male,EEE,85.2,85.7,6.8,1,5,3,49,5.7,0,No,0
1313,Male,IT,71.9,71.9,7.47,0,2,3,44,9.0,0,No,0
1314,Female,ECE,81.6,79.9,7.25,2,2,0,71,5.0,0,Yes,1
1315,Male,IT,83.1,87.5,7.68,0,2,2,59,5.5,1,No,0
1316,Male,IT,94.5,92.7,8.77,1,2,1,84,4.6,2,No,1
1317,Female,ECE,76.2,74.6,7.79,0,2,0,69,5.3,1,Yes,1
1318,Female,CIVIL,81.4,74.2,8.23,0,0,1,37,6.7,1,No,0
1319,Female,IT,64.6,76.7,5.72,0,2,2,51,7.6,0,No,0
1320,Female,IT,88.7,88.6,7.95,0,2,1,56,6.5,3,No,0
1321,Female,MECH,71.2,61.5,7.22,1,1,2,71,6.0,2,Yes,0
1322,Female,CSE,73.0,71.6,5.84,1,2,0,50,4.6,3,Yes,0
1323,Female,CSE,77.8,77.8,6.79,1,1,1,67,5.4,1,Yes,0
1324,Female,ECE,63.9,73.8,6.48,1,1,2,46,4.2,1,Yes,0
1325,Male,MECH,80.1,84.4,7.59,2,3,0,65,7.6,0,No,0
1326,Male,ECE,86.7,84.0,8.86,1,3,1,70,7.7,0,No,1
1327,Female,MECH,80.6,82.5,9.12,2,3,2,85,6.4,0,Yes,1
1328,Male,CIVIL,63.7,68.7,6.3,1,4,0,68,7.2,0,No,1
1329,Female,CSE,76.9,71.4,7.48,0,1,0,54,7.8,1,No,0
1330,Male,IT,84.7,79.0,7.81,1,3,3,86,6.7,0,Yes,1
1331,Female,CSE,61.1,66.8,7.18,0,0,0,62,8.6,2,No,1
1332,Male,ECE,68.3,70.7,7.35,0,1,2,76,5.0,1,No,0
1333,Female,CIVIL,85.9,68.3,7.17,1,0,0,56,6.0,1,Yes,1
1334,Female,CSE,80.4,75.5,8.57,2,2,0,66,5.8,3,Yes,0
1335,Female,CSE,81.7,79.4,8.26,2,2,1,54,7.5,1,No,1
1336,Female,IT,94.7,84.9,6.75,2,1,1,70,4.3,0,Yes,1
1337,Female,IT,82.2,77.6,7.94,0,1,1,76,8.7,2,No,0
1338,Male,CIVIL,83.9,83.8,8.27,1,1,1,58,7.3,3,No,1
1339,Male,CSE,99.0,81.8,7.72,1,1,0,57,9.1,0,Yes,1
1340,Male,ECE,76.1,64.3,7.68,1,1,1,70,6.4,1,No,1
1341,Female,CSE,70.8,70.0,7.15,1,0,1,53,5.7,0,No,0
1342,Female,CSE,81.9,84.5,7.74,0,2,3,44,7.5,0,No,0
1343,Female,IT,82.0,91.0,7.94,0,1,1,70,8.0,0,No,1
1344,Female,CSE,73.3,79.5,5.77,1,1,3,63,5.4,2,No,0
1345,Male,CIVIL,68.7,60.9,6.57,1,2,3,63,3.5,0,Yes,0
1346,Male,CSE,98.8,87.7,7.17,1,1,5,72,3.8,1,No,1
1347,Female,EEE,80.9,80.3,6.46,0,3,0,74,6.9,2,Yes,1
1348,Female,CSE,71.4,74.1,8.31,2,2,2,63,8.8,0,Yes,1
1349,Female,CSE,86.2,85.5,8.02,0,0,5,49,4.5,3,No,0
1350,Female,CSE,77.0,69.8,6.97,0,1,2,56,6.1,0,No,0
1351,Female,IT,75.7,75.9,6.78,1,5,1,73,6.0,3,No,1
1352,Male,MECH,83.1,82.8,7.75,0,0,3,67,9.4,0,Yes,1
1353,Male,MECH,66.4,75.6,8.02,2,3,4,57,9.9,3,No,1
1354,Male,ECE,81.2,73.1,6.46,0,4,2,54,7.1,0,Yes,1
1355,Male,CIVIL,95.2,84.7,7.58,1,4,1,74,7.8,2,No,1
1356,Female,MECH,82.2,60.4,7.31,0,4,1,62,7.8,1,Yes,0
1357,Male,EEE,74.6,70.4,5.47,0,1,2,76,4.6,1,No,0
1358,Male,MECH,73.4,70.4,6.97,2,3,5,77,7.5,3,No,1
1359,Male,IT,74.3,67.4,6.55,0,3,3,61,5.0,1,Yes,0
1360,Female,IT,75.7,76.6,7.16,1,1,3,78,6.2,1,No,1
1361,Male,IT,74.6,74.4,6.77,1,2,2,67,8.2,2,Yes,0
1362,Female,EEE,86.2,65.9,6.95,2,2,2,69,6.6,2,No,1
1363,Female,CSE,62.4,68.9,8.49,0,2,2,34,8.2,0,No,1
1364,Female,CSE,85.8,75.0,6.94,1,2,0,51,8.4,2,No,1
1365,Male,CSE,74.6,78.2,7.56,0,3,3,52,3.9,1,Yes,0
1366,Female,ECE,81.4,69.9,8.59,0,2,2,61,3.2,0,Yes,0
1367,Male,ECE,67.9,71.0,6.6,1,4,5,67,8.2,3,Yes,1
1368,Female,MECH,90.0,82.0,8.93,1,3,1,67,8.3,2,Yes,1
1369,Male,EEE,89.2,85.6,7.63,1,1,1,69,6.9,3,No,0
1370,Male,MECH,86.6,82.8,8.94,1,2,1,55,7.1,2,Yes,0
1371,Female,IT,64.4,66.9,7.48,1,2,0,75,7.8,0,Yes,0
1372,Male,CSE,85.5,70.5,7.27,0,0,2,90,7.8,0,Yes,1
1373,Male,CSE,81.6,68.6,6.89,1,1,5,60,6.0,0,No,1
1374,Female,MECH,63.6,64.1,6.26,0,3,1,56,7.9,0,No,0
1375,Male,EEE,77.8,76.6,7.32,1,2,2,55,6.0,0,Yes,1
1376,Male,EEE,81.3,74.5,7.9,0,0,4,66,6.9,1,No,0
1377,Male,IT,83.0,84.2,7.56,0,3,0,58,6.8,2,Yes,1
1378,Female,CSE,79.6,75.8,6.98,0,5,2,41,5.2,3,No,0
1379,Female,MECH,80.6,71.6,6.86,1,5,1,45,5.4,1,Yes,1
1380,Female,IT,91.3,82.8,8.31,1,1,1,79,9.9,3,No,1
1381,Female,ECE,89.0,85.0,8.58,0,3,0,83,5.2,0,Yes,1
1382,Male,MECH,52.2,63.6,6.21,2,0,0,87,7.1,0,No,1
1383,Female,CSE,75.1,88.2,7.19,0,1,1,68,7.4,2,No,0
1384,Male,ECE,76.5,71.2,7.35,0,5,1,51,6.4,2,No,1
1385,Female,CSE,62.2,66.8,8.09,0,2,2,59,7.5,2,No,1
1386,Female,MECH,78.8,80.3,8.33,1,4,1,44,7.0,0,Yes,1
1387,Male,MECH,89.2,83.4,6.53,0,3,4,44,5.2,0,Yes,0
1388,Male,IT,68.2,67.4,6.68,0,2,0,69,7.3,2,No,1
1389,Female,MECH,81.0,67.8,6.17,0,1,0,73,5.7,0,No,0
1390,Male,CSE,69.8,68.3,6.72,2,3,1,92,9.1,1,Yes,1
1391,Female,IT,72.0,65.7,8.11,1,4,0,64,7.1,0,Yes,1
1392,Male,ECE,91.3,72.7,5.97,1,1,0,46,5.4,3,Yes,0
1393,Female,MECH,73.1,68.3,5.64,1,2,0,63,7.0,0,No,0
1394,Male,ECE,82.2,72.0,6.42,0,3,1,61,5.1,3,No,0
1395,Male,CIVIL,61.2,70.8,7.26,1,2,2,58,6.9,1,No,1
1396,Female,IT,94.8,91.1,8.34,0,1,1,70,6.2,0,Yes,1
1397,Female,CSE,83.4,73.7,7.5,2,3,1,48,5.3,0,No,0
1398,Female,EEE,76.4,74.0,8.1,2,2,2,67,5.2,3,Yes,0
1399,Female,EEE,83.2,66.9,5.47,2,4,0,74,10.0,1,Yes,1
1400,Female,ECE,65.3,65.7,7.78,0,4,0,85,6.6,1,No,0
1401,Male,ECE,88.6,86.0,7.39,0,2,2,69,5.9,1,No,1
1402,Female,MECH,75.1,80.8,8.02,1,2,0,80,5.6,0,No,0
1403,Female,ECE,76.2,70.7,5.97,0,3,1,59,7.2,0,No,0
1404,Male,CSE,73.6,81.5,7.46,1,3,1,61,5.5,0,Yes,1
1405,Female,CIVIL,72.8,63.1,6.91,0,2,6,84,4.9,0,Yes,0
1406,Female,MECH,84.3,71.8,8.0,0,1,0,46,6.5,1,Yes,0
1407,Female,ECE,80.3,83.1,6.26,0,2,0,59,6.4,0,Yes,1
1408,Female,IT,83.9,92.0,7.9,1,3,2,81,5.9,0,No,1
1409,Female,IT,77.9,80.2,6.54,0,4,3,62,5.2,0,No,1
1410,Female,IT,82.6,79.3,7.78,0,1,0,61,5.9,0,Yes,1
1411,Male,EEE,74.2,59.2,7.19,0,4,1,61,5.8,0,No,0
1412,Male,CSE,98.1,74.7,8.22,0,3,1,67,5.6,1,Yes,1
1413,Female,CSE,63.9,69.2,6.54,0,4,1,80,6.9,0,Yes,0
1414,Male,IT,89.3,81.1,8.19,1,2,1,78,9.8,0,Yes,1
1415,Female,IT,90.3,76.4,8.34,0,2,1,65,8.5,0,No,1
1416,Male,CIVIL,70.3,72.6,5.79,1,6,1,80,9.4,0,No,1
1417,Male,EEE,98.1,89.7,8.28,0,2,0,70,5.6,0,No,1
1418,Male,ECE,87.0,88.8,8.52,0,3,4,77,9.0,2,No,1
1419,Female,MECH,86.7,83.0,7.31,0,4,1,51,6.8,0,No,1
1420,Male,CSE,78.3,85.6,6.66,0,3,5,89,8.0,0,No,1
1421,Female,EEE,76.0,75.7,7.98,1,1,2,68,7.2,1,No,0
1422,Female,MECH,76.1,74.9,6.24,2,5,2,27,6.0,1,No,0
1423,Female,CIVIL,81.5,86.4,7.51,0,4,2,88,7.6,1,No,1
1424,Male,EEE,90.6,77.5,7.27,0,0,0,65,7.2,0,Yes,1
1425,Male,CIVIL,79.6,97.5,8.67,0,3,1,59,3.8,1,Yes,0
1426,Male,CSE,69.8,74.5,6.68,1,0,1,57,6.3,2,No,1
1427,Female,CSE,85.4,83.9,7.01,1,2,1,71,7.8,1,Yes,1
1428,Female,CSE,86.3,85.5,7.7,2,1,5,53,6.9,0,No,1
1429,Female,ECE,83.9,93.5,8.75,2,1,0,57,7.2,0,No,1
1430,Female,ECE,84.7,86.4,9.49,0,3,1,57,5.4,2,Yes,1
1431,Female,ECE,75.6,64.1,5.56,0,1,5,61,6.9,0,Yes,1
1432,Male,EEE,69.6,81.6,7.72,0,6,2,58,6.4,1,Yes,0
1433,Male,ECE,70.2,69.7,6.12,1,2,3,77,6.2,0,No,0
1434,Male,EEE,63.3,68.7,7.76,1,1,0,69,5.5,3,No,0
1435,Male,CIVIL,80.1,69.1,6.21,0,3,3,71,7.9,0,Yes,0
1436,Female,CSE,77.2,80.0,6.86,1,2,3,74,7.0,1,No,1
1437,Female,ECE,74.0,69.8,6.52,2,4,1,64,6.9,0,No,1
1438,Female,CSE,51.4,61.5,6.6,1,2,0,51,9.6,0,Yes,0
1439,Female,CSE,66.8,68.1,7.18,1,3,1,90,7.2,0,Yes,1
1440,Female,MECH,88.1,96.3,8.44,0,3,2,78,8.3,0,Yes,1
1441,Male,IT,72.0,87.1,7.68,3,5,0,88,6.9,2,No,1
1442,Male,ECE,81.2,79.0,6.3,1,1,3,79,6.0,1,Yes,1
1443,Male,ECE,65.5,69.7,7.57,2,4,3,59,4.9,1,Yes,0
1444,Female,CSE,90.9,81.9,7.43,0,0,1,32,6.9,1,Yes,0
1445,Female,CSE,76.7,83.8,8.48,0,2,3,48,2.5,1,No,0
1446,Female,IT,80.6,76.1,6.68,0,0,2,74,6.9,1,No,0
1447,Male,MECH,98.9,86.4,6.37,0,1,2,64,7.0,0,Yes,0
1448,Male,MECH,91.6,91.8,7.84,0,2,3,59,6.2,0,No,0
1449,Female,IT,75.2,71.4,8.09,1,6,3,30,6.4,0,No,1
1450,Male,MECH,72.7,73.4,7.26,0,2,2,65,4.6,1,No,0
1451,Female,CSE,75.1,64.0,6.6,1,1,3,50,8.6,0,No,0
1452,Female,MECH,82.6,84.5,6.88,0,2,0,55,6.0,0,No,0
1453,Male,CIVIL,77.1,89.8,9.2,2,1,4,77,5.0,1,Yes,1
1454,Female,ECE,74.4,79.7,6.56,0,1,0,51,7.3,1,Yes,0
1455,Male,MECH,91.2,95.0,7.42,0,2,0,52,6.7,0,No,0
1456,Male,EEE,77.0,70.3,7.47,3,0,0,68,6.0,1,Yes,1
1457,Male,ECE,98.7,90.9,6.35,0,1,1,77,5.8,3,Yes,0
1458,Female,MECH,78.8,70.7,8.05,0,4,0,59,6.5,0,No,1
1459,Male,CSE,94.1,84.9,8.1,2,2,1,86,8.5,0,No,1
1460,Female,ECE,81.2,84.1,8.28,1,2,3,47,7.2,1,Yes,1
1461,Male,ECE,86.7,82.7,7.95,1,4,0,45,6.4,1,No,1
1462,Male,MECH,71.5,63.0,6.59,1,2,1,43,7.8,0,Yes,0
1463,Male,IT,70.3,63.0,5.87,1,4,2,42,6.5,1,No,0
1464,Male,MECH,82.1,69.6,6.87,0,1,2,70,7.1,2,No,0
1465,Male,CIVIL,86.9,85.6,6.84,3,1,0,51,6.7,1,No,0
1466,Male,ECE,78.4,91.5,8.25,1,2,2,45,7.4,2,No,1
1467,Female,MECH,66.4,79.4,8.02,1,1,0,70,5.8,0,No,1
1468,Female,CSE,65.8,56.2,7.63,1,3,3,77,4.8,0,No,1
1469,Male,EEE,65.2,79.1,7.66,0,3,1,80,7.9,1,No,1
1470,Male,MECH,62.1,73.8,7.89,0,5,2,77,8.8,0,No,1
1471,Female,CSE,79.0,66.6,6.63,0,3,1,52,4.9,3,Yes,0
1472,Female,IT,88.1,80.7,7.05,0,1,2,69,6.8,1,Yes,1
1473,Female,ECE,77.9,84.4,7.95,0,4,2,72,5.8,0,No,0
1474,Female,MECH,57.7,68.5,6.63,1,3,4,58,7.8,2,Yes,0
1475,Female,EEE,76.3,66.6,7.08,0,1,1,67,6.9,3,No,0
1476,Female,CIVIL,76.5,80.2,6.56,4,6,3,47,10.0,0,Yes,1
1477,Male,MECH,96.9,73.2,6.42,2,3,2,56,6.0,1,Yes,0
1478,Female,CSE,64.9,67.4,7.4,4,3,0,70,8.8,0,Yes,1
1479,Female,IT,74.5,82.7,8.22,0,3,1,86,9.0,2,Yes,1
1480,Female,MECH,93.4,86.2,6.86,2,1,2,81,7.3,0,Yes,1
1481,Male,EEE,82.0,75.7,7.76,3,3,4,74,6.6,0,No,1
1482,Female,MECH,83.1,86.1,7.22,1,0,1,66,6.6,2,Yes,0
1483,Male,ECE,79.0,84.2,7.58,1,3,1,64,6.5,3,No,0
1484,Male,CIVIL,81.0,87.8,8.85,1,2,1,45,8.2,0,Yes,1
1485,Female,ECE,85.0,87.1,8.33,0,3,1,53,5.2,1,No,0
1486,Male,CIVIL,70.7,80.0,8.04,2,5,1,54,6.3,2,No,0
1487,Female,ECE,85.9,86.7,9.2,1,3,0,73,6.1,0,Yes,1
1488,Male,CIVIL,65.6,71.2,6.48,0,4,2,78,3.9,1,Yes,0
1489,Female,IT,81.0,79.2,6.58,0,2,1,75,7.8,3,No,1
1490,Female,IT,79.6,76.1,6.67,2,2,3,82,8.1,2,No,1
1491,Female,CIVIL,72.5,65.0,6.6,2,0,3,66,5.5,0,Yes,0
1492,Male,MECH,77.8,70.0,5.12,1,1,5,51,8.0,3,No,1
1493,Female,EEE,72.4,71.5,6.89,0,4,1,64,4.1,0,Yes,1
1494,Male,CSE,68.4,72.7,6.67,0,2,1,55,6.5,0,Yes,1
1495,Male,EEE,74.8,85.0,8.23,1,3,3,74,6.3,0,Yes,1
1496,Male,EEE,68.1,70.6,7.31,0,2,3,60,6.6,1,No,0
1497,Male,CSE,80.9,85.6,7.14,2,3,0,64,6.6,0,Yes,1
1498,Female,MECH,67.6,78.1,7.8,0,1,1,75,6.4,1,No,1
1499,Male,CSE,84.4,79.0,7.94,0,3,1,55,5.9,0,Yes,1
1500,Male,MECH,67.4,74.6,6.57,0,0,0,78,6.3,2,Yes,0
1501,Male,EEE,72.9,72.0,6.69,2,0,1,46,8.5,0,Yes,0
1502,Male,IT,72.4,82.7,5.73,1,2,2,69,5.6,1,No,0
1503,Male,CSE,89.9,88.4,6.86,0,3,0,64,9.9,0,No,1
1504,Female,CSE,81.0,70.3,6.42,0,2,1,77,5.5,0,No,0
1505,Female,EEE,76.1,76.8,7.33,1,1,1,46,6.9,0,Yes,1
1506,Female,EEE,82.5,91.0,7.08,1,2,2,44,7.4,3,Yes,1
1507,Female,CSE,59.0,64.1,6.35,1,3,6,76,6.1,0,Yes,0
1508,Female,MECH,77.6,79.7,6.41,0,1,2,60,8.6,0,No,0
1509,Female,IT,96.0,91.4,7.99,2,0,1,64,7.3,1,No,1
1510,Female,CIVIL,79.2,70.3,7.35,1,5,1,56,6.2,3,No,0
1511,Male,CSE,78.6,80.7,7.75,2,6,1,78,8.6,0,Yes,1
1512,Female,CSE,82.9,70.0,7.01,1,1,1,69,5.0,0,No,1
1513,Female,EEE,86.1,77.3,6.06,0,2,1,68,5.7,1,No,0
1514,Male,MECH,60.0,73.5,6.64,2,3,1,49,7.3,0,No,1
1515,Male,IT,62.9,70.2,6.68,2,1,2,72,7.7,0,No,1
1516,Male,CSE,79.9,75.8,6.91,0,1,2,51,7.0,3,Yes,0
1517,Male,EEE,71.6,76.1,7.3,0,4,1,56,6.3,0,Yes,0
1518,Female,IT,89.8,83.5,8.68,0,1,1,46,6.1,1,No,0
1519,Female,CSE,75.2,75.2,7.86,0,1,3,63,8.2,0,Yes,1
1520,Male,IT,60.6,71.0,6.25,0,4,3,80,6.9,1,No,1
1521,Male,EEE,66.6,64.9,7.34,0,2,0,68,5.2,3,No,0
1522,Female,MECH,53.3,62.3,7.2,0,3,0,59,5.1,0,No,0
1523,Male,ECE,75.9,73.4,6.49,0,2,2,67,8.8,2,No,0
1524,Female,IT,76.3,64.7,7.47,2,1,1,66,5.4,0,Yes,1
1525,Male,IT,74.2,68.1,6.8,1,4,2,66,6.9,0,No,1
1526,Male,CSE,87.7,93.6,6.82,0,3,4,67,8.5,0,No,1
1527,Male,CIVIL,88.8,86.0,8.0,1,2,0,50,7.3,0,No,1
1528,Female,CSE,76.5,66.6,7.04,0,2,0,66,5.4,1,Yes,1
1529,Male,ECE,58.8,54.5,6.2,0,1,2,40,5.0,1,No,0
1530,Male,EEE,83.6,79.4,7.35,1,0,4,73,9.3,0,Yes,1
1531,Female,MECH,83.0,90.7,7.25,0,0,4,50,4.9,0,No,0
1532,Male,ECE,80.8,77.2,7.78,0,0,1,81,5.7,0,Yes,1
1533,Female,ECE,86.8,91.2,7.81,0,2,1,31,7.1,3,Yes,0
1534,Male,CSE,67.5,73.0,7.25,1,2,0,88,6.2,0,No,1
1535,Female,CSE,96.1,91.0,8.13,2,2,0,42,7.4,0,No,1
1536,Female,CSE,69.4,62.3,5.77,1,1,2,48,4.3,3,No,0
1537,Female,ECE,84.7,87.4,6.98,0,3,1,69,6.2,1,Yes,1
1538,Female,IT,62.8,65.3,5.04,0,2,1,74,7.5,2,No,1
1539,Female,ECE,69.6,77.8,7.76,1,2,3,61,7.5,0,No,1
1540,Male,IT,91.6,79.3,6.4,1,1,1,77,5.6,0,Yes,0
1541,Female,CSE,75.7,76.7,7.37,0,1,1,54,5.0,1,Yes,0
1542,Female,EEE,85.6,83.8,7.85,1,2,2,59,6.8,3,No,1
1543,Male,CSE,80.1,77.0,7.76,0,6,1,61,4.5,2,No,1
1544,Male,CSE,77.1,79.1,6.4,3,2,2,57,8.4,0,Yes,1
1545,Female,MECH,90.3,82.3,7.44,0,1,1,38,6.7,1,Yes,0
1546,Male,ECE,75.9,71.0,8.38,0,3,0,65,5.5,0,No,1
1547,Male,ECE,62.0,78.4,8.71,1,3,2,63,4.9,0,No,1
1548,Female,ECE,70.8,79.8,8.18,0,0,1,80,5.6,0,No,1
1549,Male,CIVIL,83.0,74.5,7.45,0,3,3,47,4.2,0,No,0
1550,Female,ECE,81.6,82.9,6.71,2,0,0,56,7.2,2,Yes,0
1551,Female,CSE,63.9,63.1,7.3,0,2,2,82,5.3,0,Yes,1
1552,Female,ECE,71.5,64.6,6.66,1,3,1,69,7.1,0,Yes,1
1553,Male,MECH,72.8,80.9,7.88,0,0,1,73,7.3,0,No,0
1554,Female,IT,74.7,62.9,6.21,0,2,0,71,7.9,0,No,0
1555,Male,CSE,65.6,75.8,7.09,1,5,3,71,6.9,0,Yes,1
1556,Male,ECE,72.3,71.6,7.2,2,3,2,90,8.2,3,No,0
1557,Male,EEE,71.4,71.4,7.25,1,0,1,66,8.6,0,No,1
1558,Female,IT,84.9,83.8,7.95,0,0,0,51,6.9,1,Yes,0
1559,Female,CSE,85.3,85.2,7.14,1,1,1,74,7.0,1,Yes,1
1560,Male,CIVIL,76.7,70.2,5.93,0,4,2,57,5.7,2,No,0
1561,Female,CIVIL,74.5,79.7,8.69,1,4,2,63,5.0,1,No,0
1562,Female,ECE,79.3,78.4,9.33,0,1,3,70,8.4,1,Yes,1
1563,Male,CIVIL,70.7,63.6,7.1,0,0,0,54,7.4,2,Yes,0
1564,Male,MECH,67.7,69.4,5.92,1,2,1,58,7.5,1,Yes,0
1565,Female,CSE,69.5,81.4,6.84,2,3,0,72,5.6,1,No,0
1566,Male,ECE,72.3,85.1,8.01,0,1,1,57,8.9,0,Yes,0
1567,Male,ECE,67.5,75.5,8.29,1,3,3,79,6.2,1,Yes,1
1568,Female,ECE,79.5,69.4,6.01,0,1,2,51,5.3,2,Yes,0
1569,Male,CIVIL,84.6,84.2,7.47,0,1,1,51,5.6,0,No,0
1570,Male,MECH,63.7,74.2,7.32,0,3,1,92,8.9,0,No,1
1571,Female,CIVIL,78.2,82.0,8.17,2,3,0,44,4.8,1,Yes,1
1572,Female,EEE,76.0,81.1,7.17,1,2,2,65,5.4,0,No,1
1573,Female,ECE,81.1,81.2,6.2,2,1,2,91,10.0,1,No,1
1574,Female,CSE,77.9,76.2,7.74,1,3,3,65,7.9,3,No,0
1575,Female,CIVIL,64.9,64.7,7.69,1,2,1,84,5.4,0,No,1
1576,Male,CSE,66.6,56.7,6.4,0,1,1,74,4.9,0,No,0
1577,Female,ECE,78.3,79.4,7.7,1,1,0,65,4.0,0,No,0
1578,Female,MECH,87.3,83.7,7.17,0,2,1,63,6.6,0,Yes,0
1579,Male,CIVIL,58.1,68.8,6.28,0,1,2,35,7.6,0,No,0
1580,Female,CSE,81.1,69.3,7.79,0,3,1,61,8.8,0,No,1
1581,Female,MECH,88.7,87.7,8.02,2,0,1,68,3.7,2,Yes,0
1582,Female,CSE,76.6,90.3,8.2,3,4,3,68,4.5,2,No,0
1583,Male,CIVIL,83.0,80.3,8.61,1,2,1,100,6.3,0,Yes,1
1584,Male,CIVIL,71.7,72.6,6.26,0,2,3,69,10.0,3,No,0
1585,Male,CIVIL,76.9,78.3,6.89,1,4,3,74,7.8,0,Yes,0
1586,Female,CSE,63.4,82.3,7.62,1,3,2,81,7.1,0,Yes,1
1587,Female,EEE,56.9,57.0,6.03,0,1,0,73,4.7,3,Yes,0
1588,Female,CSE,86.5,83.3,8.16,0,5,0,64,3.3,0,Yes,1
1589,Male,EEE,69.1,65.9,6.69,2,0,2,64,6.6,3,Yes,0
1590,Female,IT,73.9,70.5,6.23,3,6,0,60,6.4,1,No,0
1591,Male,CSE,65.5,69.0,7.01,2,2,1,71,6.1,3,No,0
1592,Female,MECH,65.3,78.6,7.48,2,0,0,63,5.9,1,No,0
1593,Male,CSE,76.4,88.4,8.48,1,2,0,74,5.4,1,Yes,1
1594,Male,EEE,71.4,76.0,7.55,2,3,2,51,5.0,0,No,0
1595,Male,EEE,81.4,76.2,7.62,0,3,1,67,8.6,0,No,1
1596,Female,EEE,82.1,96.7,8.32,0,1,1,87,5.2,0,No,0
1597,Male,MECH,80.9,75.5,7.07,1,3,3,62,6.1,0,No,1
1598,Male,IT,80.1,74.1,6.59,1,6,2,91,6.4,1,No,1
1599,Male,CIVIL,92.2,72.9,7.35,0,1,1,67,7.6,2,No,0
1600,Female,IT,68.4,80.8,7.17,2,2,1,64,5.2,0,Yes,1
1601,Female,CSE,77.5,83.3,8.88,0,0,1,67,8.0,1,No,1
1602,Female,IT,88.2,99.0,9.23,0,0,2,61,5.6,2,Yes,0
1603,Male,ECE,89.4,73.9,7.66,0,1,1,37,6.3,0,No,1
1604,Female,CSE,65.2,79.3,7.67,0,4,1,77,9.0,0,No,1
1605,Male,ECE,75.2,75.6,7.15,1,1,1,96,5.0,0,No,0
1606,Male,CSE,90.2,89.8,6.78,0,4,1,72,7.6,2,Yes,1
1607,Male,CIVIL,82.6,68.0,6.75,0,3,2,73,8.0,3,No,0
1608,Male,CSE,79.8,88.2,7.81,0,3,1,62,7.0,1,No,1
1609,Male,EEE,76.0,81.1,7.63,1,1,1,81,6.3,0,No,1
1610,Male,ECE,74.5,74.4,7.55,0,1,3,64,9.7,1,No,1
1611,Male,CSE,80.6,82.9,8.25,2,1,0,69,6.5,1,Yes,1
1612,Male,IT,75.7,70.1,6.45,4,0,2,43,6.8,2,No,1
1613,Female,EEE,77.6,72.5,6.55,3,2,1,58,6.0,0,No,1
1614,Male,ECE,78.7,74.0,8.32,1,3,2,70,6.7,0,No,1
1615,Male,CIVIL,71.9,60.2,7.22,1,2,2,78,7.9,0,No,1
1616,Female,IT,82.8,85.7,7.32,1,5,4,78,6.1,0,No,1
1617,Female,ECE,99.0,97.7,8.02,0,1,1,43,3.3,1,Yes,0
1618,Male,CSE,62.0,62.3,6.61,0,2,4,44,7.3,1,Yes,0
1619,Male,IT,80.9,81.0,7.47,0,6,4,73,4.9,3,Yes,1
1620,Female,ECE,71.2,70.9,7.41,2,3,3,55,7.6,2,No,1
1621,Female,CSE,83.2,82.2,9.52,0,1,0,78,6.5,0,No,1
1622,Male,CSE,78.4,72.6,7.26,2,2,3,42,7.9,2,No,1
1623,Female,CSE,84.9,74.8,7.72,0,2,0,64,5.1,2,No,0
1624,Male,IT,88.6,90.5,6.47,1,1,4,65,5.7,0,No,1
1625,Male,IT,79.7,77.4,6.91,0,4,1,72,6.0,0,No,0
1626,Female,EEE,88.2,97.1,9.07,0,4,2,51,4.3,2,No,0
1627,Male,MECH,56.9,64.5,7.1,0,0,2,37,8.2,0,No,0
1628,Male,IT,92.3,78.9,5.0,0,2,0,67,4.1,0,No,0
1629,Female,EEE,81.4,87.4,8.24,0,3,3,72,8.1,0,No,1
1630,Female,MECH,87.7,87.0,9.21,1,5,1,79,7.1,0,No,1
1631,Female,IT,67.0,75.3,5.62,0,4,1,60,6.2,0,No,0
1632,Female,CSE,70.5,80.6,8.64,1,1,1,76,7.0,0,Yes,1
1633,Male,CSE,79.3,73.0,5.0,0,2,0,72,7.0,0,No,0
1634,Female,CIVIL,77.8,75.8,7.98,0,0,1,84,5.9,3,No,1
1635,Female,MECH,80.5,77.1,7.28,0,2,1,64,6.9,0,Yes,1
1636,Female,CSE,87.8,73.6,5.26,1,2,3,41,7.6,1,No,0
1637,Female,ECE,62.1,65.4,7.17,0,2,3,64,5.1,2,No,1
1638,Female,MECH,86.8,91.4,8.78,2,1,0,66,7.0,0,Yes,1
1639,Female,EEE,78.1,78.5,7.63,1,1,1,72,2.6,0,No,1
1640,Female,IT,76.2,66.3,7.32,2,1,2,44,3.6,1,Yes,1
1641,Female,IT,64.8,58.0,6.19,0,1,3,61,7.3,1,Yes,0
1642,Male,EEE,82.5,91.2,6.36,0,2,2,77,5.9,0,Yes,1
1643,Male,MECH,56.3,63.1,7.28,1,2,1,64,5.2,2,No,0
1644,Male,MECH,83.8,75.7,8.63,1,5,1,61,6.4,0,No,1
1645,Male,CSE,64.6,66.8,7.78,1,2,1,92,5.9,1,No,1
1646,Female,ECE,78.5,66.8,5.28,0,3,1,50,5.0,0,No,0
1647,Female,ECE,76.9,86.1,6.43,1,2,1,82,4.0,0,Yes,1
1648,Male,IT,88.5,80.3,6.74,1,1,3,79,3.5,0,No,1
1649,Male,IT,76.4,85.4,6.34,3,4,2,62,7.6,1,No,1
1650,Female,CSE,71.8,73.4,7.17,0,1,4,65,5.9,0,No,0
1651,Female,IT,73.4,84.0,7.87,2,1,0,64,8.0,1,Yes,1
1652,Female,MECH,89.5,85.5,6.48,1,1,3,68,5.9,0,No,0
1653,Male,CSE,82.8,85.7,8.25,1,2,1,57,7.0,0,No,1
1654,Male,ECE,74.5,79.7,7.87,1,2,2,59,6.3,2,Yes,1
1655,Male,IT,75.9,79.9,6.96,1,1,1,60,6.6,2,Yes,0
1656,Male,ECE,63.9,70.8,6.89,1,2,2,60,6.6,2,Yes,1
1657,Male,MECH,81.5,77.3,5.73,1,2,3,61,5.8,0,No,0
1658,Female,EEE,62.2,80.7,7.16,0,2,4,34,4.7,3,No,0
1659,Male,MECH,84.8,74.5,7.19,0,2,0,66,7.6,1,Yes,1
1660,Male,EEE,79.2,77.6,7.44,1,3,0,58,8.9,0,Yes,1
1661,Male,EEE,99.0,89.5,8.08,1,1,2,39,9.0,0,No,1
1662,Male,IT,68.1,73.7,7.34,1,3,2,60,5.7,1,No,1
1663,Female,ECE,77.1,73.3,6.92,1,3,2,60,5.4,1,No,0
1664,Female,CSE,94.2,88.7,7.98,0,4,1,83,5.7,0,Yes,1
1665,Female,ECE,88.7,82.0,8.28,0,3,4,57,6.2,0,No,1
1666,Female,CIVIL,71.7,61.9,6.6,0,1,2,74,6.4,0,No,0
1667,Female,EEE,80.0,78.1,7.58,2,5,2,84,5.0,3,Yes,0
1668,Female,CIVIL,78.0,69.1,6.82,1,2,2,56,4.3,1,No,1
1669,Male,CSE,80.5,66.2,6.33,0,1,2,64,6.6,0,Yes,1
1670,Male,MECH,71.7,74.0,7.58,0,2,2,89,1.2,0,Yes,0
1671,Female,IT,77.2,79.7,6.94,0,1,1,68,6.3,2,No,1
1672,Male,EEE,63.6,71.8,7.38,0,1,1,70,5.1,1,No,0
1673,Female,MECH,79.2,81.5,7.48,2,2,4,59,7.7,0,Yes,1
1674,Female,MECH,82.1,65.7,6.58,1,1,0,75,8.1,2,Yes,1
1675,Male,CIVIL,76.0,66.1,6.58,1,3,2,64,8.1,1,Yes,0
1676,Male,ECE,63.5,81.9,7.07,0,4,1,39,6.0,0,No,1
1677,Male,MECH,86.9,74.8,5.88,0,4,2,60,4.8,1,Yes,0
1678,Female,ECE,81.3,83.1,7.83,0,5,1,48,5.3,3,No,0
1679,Male,ECE,71.5,68.1,7.11,1,1,2,67,6.9,2,Yes,0
1680,Female,EEE,75.5,75.9,7.92,0,2,1,52,4.0,0,No,0
1681,Female,ECE,64.5,64.3,6.35,2,2,1,72,8.6,3,No,0
1682,Male,CSE,68.8,75.2,8.72,1,3,2,66,6.0,3,Yes,1
1683,Female,CIVIL,73.2,74.9,6.89,0,1,2,48,7.3,0,No,0
1684,Female,MECH,89.1,80.3,6.71,0,3,0,58,3.8,1,No,0
1685,Female,CSE,72.2,66.0,6.05,0,0,2,74,5.1,2,Yes,0
1686,Female,ECE,83.8,82.2,6.1,0,4,0,81,3.6,0,No,0
1687,Female,MECH,73.2,65.4,8.04,4,0,1,52,8.0,2,No,1
1688,Female,EEE,80.2,81.1,8.54,2,3,0,50,6.3,0,No,0
1689,Male,CIVIL,76.7,94.4,8.46,0,2,2,92,7.4,0,No,1
1690,Female,EEE,85.9,91.0,7.12,1,3,2,65,6.6,0,Yes,1
1691,Female,IT,73.2,78.9,8.81,1,3,1,66,7.2,1,Yes,1
1692,Male,CSE,63.8,67.7,6.63,1,2,2,55,6.0,2,Yes,1
1693,Female,MECH,65.6,55.8,6.22,0,0,1,68,6.2,2,No,0
1694,Female,ECE,73.2,64.7,7.94,1,0,1,89,6.4,0,No,1
1695,Male,ECE,66.8,79.1,7.89,1,2,1,69,7.1,2,Yes,1
1696,Female,IT,81.7,73.5,8.9,0,0,0,80,7.1,2,Yes,1
1697,Female,IT,73.8,69.4,7.17,0,1,1,65,10.0,0,Yes,0
1698,Female,CSE,99.0,88.2,7.41,2,1,2,51,9.0,0,No,1
1699,Male,CSE,62.4,60.0,6.11,0,1,1,55,3.8,0,Yes,0
1700,Male,IT,79.8,69.3,5.49,2,3,5,49,6.3,3,No,0
1701,Female,CSE,67.8,70.3,6.79,0,2,0,68,5.9,0,Yes,1
1702,Female,IT,73.6,67.9,7.83,0,1,0,82,8.4,0,Yes,1
1703,Male,ECE,79.3,72.4,7.58,0,2,2,67,6.0,3,Yes,0
1704,Female,ECE,57.1,58.8,6.57,4,1,2,61,7.2,1,No,1
1705,Female,CSE,80.1,81.7,6.67,1,0,2,54,3.0,3,Yes,0
1706,Male,EEE,95.1,85.4,7.8,0,1,1,70,4.2,2,No,1
1707,Female,CSE,73.9,73.1,7.93,1,2,2,48,9.6,3,No,1
1708,Male,ECE,80.3,82.4,7.84,4,5,0,49,6.6,0,Yes,1
1709,Male,IT,87.2,81.3,7.59,0,1,0,78,5.0,0,No,1
1710,Male,ECE,76.5,74.0,6.52,2,1,3,61,6.9,0,Yes,1
1711,Male,MECH,72.8,77.0,7.97,0,1,3,61,4.9,0,No,0
1712,Male,CSE,57.5,69.2,5.0,0,0,1,63,6.1,1,No,0
1713,Male,MECH,83.8,79.3,7.68,0,5,3,75,4.3,1,No,0
1714,Male,ECE,77.0,76.8,9.33,3,2,0,67,5.3,1,No,1
1715,Female,MECH,68.9,65.9,5.63,1,3,0,55,5.9,1,Yes,0
1716,Female,CIVIL,79.1,71.4,6.86,0,0,2,55,8.2,2,Yes,0
1717,Male,IT,72.7,79.0,7.35,0,0,1,62,7.2,1,Yes,1
1718,Male,IT,73.2,77.0,6.91,1,3,3,69,7.5,0,No,1
1719,Female,CSE,83.5,83.3,8.36,0,1,2,65,6.5,0,Yes,1
1720,Male,CSE,66.0,71.6,7.44,2,2,1,63,7.7,2,Yes,1
1721,Male,CSE,87.4,82.8,7.63,0,2,2,66,5.2,2,No,1
1722,Male,CIVIL,65.4,74.1,7.8,3,2,2,64,5.4,3,No,1
1723,Female,CSE,72.0,79.7,7.4,2,0,1,54,7.1,1,Yes,1
1724,Male,CIVIL,95.3,93.6,10.0,0,2,1,80,6.1,2,No,1
1725,Female,IT,88.1,82.2,7.61,1,4,3,58,6.5,0,No,1
1726,Male,CSE,78.9,87.0,7.84,2,1,2,67,6.3,0,Yes,1
1727,Female,ECE,69.5,73.3,5.76,1,3,1,36,8.4,1,No,0
1728,Male,EEE,73.2,78.3,6.9,3,1,0,62,8.5,0,No,1
1729,Female,ECE,78.7,79.2,8.29,2,2,2,50,5.6,1,No,0
1730,Female,ECE,78.3,78.7,6.28,1,1,1,51,3.9,3,No,0
1731,Male,CSE,77.2,71.2,5.32,1,1,1,99,5.4,0,Yes,0
1732,Male,IT,77.7,81.5,7.49,0,2,0,68,5.2,1,No,0
1733,Female,MECH,76.1,95.6,9.12,3,2,2,82,7.7,2,No,1
1734,Female,CSE,65.0,66.4,6.89,0,2,0,77,7.9,1,No,1
1735,Female,CSE,73.4,74.5,6.91,1,3,2,79,5.0,1,Yes,1
1736,Male,CIVIL,86.2,78.6,5.86,2,2,3,62,5.4,3,No,0
1737,Male,CSE,65.7,66.0,7.2,0,2,2,87,4.3,2,No,0
1738,Male,IT,76.3,86.6,8.19,0,2,4,77,6.7,0,No,1
1739,Female,EEE,70.6,67.6,5.48,2,1,2,66,6.4,2,Yes,1
1740,Male,IT,79.0,74.1,8.07,0,0,1,69,7.7,2,Yes,0
1741,Male,CIVIL,74.5,63.6,7.36,0,4,2,63,7.2,0,Yes,0
1742,Male,IT,91.3,79.5,8.29,0,6,1,66,7.4,1,No,1
1743,Male,CIVIL,82.6,67.6,7.37,2,4,0,64,4.2,2,Yes,1
1744,Female,MECH,66.2,74.1,7.69,1,0,1,70,5.6,2,No,0
1745,Male,CSE,84.0,99.0,8.58,0,6,3,89,7.9,2,No,1
1746,Female,CIVIL,71.0,70.0,7.69,1,3,4,48,5.7,2,Yes,1
1747,Male,MECH,72.8,62.0,5.22,1,1,1,81,4.1,0,No,0
1748,Female,EEE,80.8,84.8,6.39,1,3,3,60,7.7,0,Yes,1
1749,Female,EEE,73.6,69.1,6.38,1,2,1,83,5.6,0,Yes,0
1750,Male,CSE,86.0,90.7,7.72,1,0,2,60,8.1,0,Yes,1
1751,Male,ECE,71.0,70.6,7.33,1,2,2,71,6.5,0,No,0
1752,Male,CSE,72.4,69.0,7.22,2,1,2,63,6.1,3,No,1
1753,Female,ECE,72.1,72.0,7.97,1,3,1,41,8.5,1,Yes,1
1754,Female,EEE,72.9,79.0,8.28,1,3,2,89,4.5,2,No,1
1755,Female,IT,87.9,81.1,6.75,0,3,0,52,8.7,1,Yes,1
1756,Male,EEE,83.7,76.7,7.46,1,5,5,66,5.5,0,Yes,0
1757,Female,IT,93.4,84.6,6.91,1,2,1,50,6.7,0,No,0
1758,Male,IT,98.4,80.1,7.25,0,4,2,46,6.8,3,No,0
1759,Male,CSE,68.7,74.0,7.42,0,2,4,62,5.9,0,No,1
1760,Male,MECH,78.6,64.7,5.0,1,1,2,57,5.4,0,No,0
1761,Male,ECE,67.4,67.3,8.82,0,2,4,49,5.9,2,No,0
1762,Female,IT,71.0,77.9,7.77,0,1,2,65,5.0,0,Yes,1
1763,Male,EEE,72.3,75.5,6.74,1,3,1,44,9.4,3,Yes,1
1764,Female,CSE,68.5,75.2,8.75,1,5,3,67,5.8,3,No,0
1765,Female,CSE,68.5,70.6,6.75,1,6,4,63,8.2,0,No,1
1766,Male,MECH,76.7,84.2,7.67,0,3,1,30,8.0,1,Yes,1
1767,Female,CSE,67.0,76.7,6.88,0,4,0,58,7.0,0,Yes,1
1768,Male,ECE,85.6,84.5,8.9,0,1,2,72,6.3,3,Yes,1
1769,Female,IT,69.7,78.3,7.25,1,2,0,50,6.8,0,No,1
1770,Female,CSE,99.0,94.7,8.11,1,4,1,72,7.4,3,Yes,1
1771,Male,MECH,73.9,71.3,8.02,0,0,1,71,6.7,2,No,1
1772,Male,MECH,78.6,67.8,7.38,2,2,2,51,4.1,1,No,0
1773,Male,ECE,66.3,72.7,7.06,1,3,0,65,3.8,0,No,1
1774,Male,CSE,93.4,89.9,8.68,0,2,0,77,8.8,0,Yes,1
1775,Male,CSE,88.1,90.5,9.85,2,2,2,53,2.5,0,Yes,1
1776,Male,IT,80.7,71.9,7.33,2,6,2,62,6.8,2,Yes,0
1777,Female,MECH,65.9,63.2,6.82,0,3,2,81,6.1,3,Yes,0
1778,Male,ECE,79.9,81.2,7.58,0,2,1,53,6.7,1,No,1
1779,Female,IT,67.9,70.2,8.06,0,1,1,71,4.8,0,No,1
1780,Male,CSE,91.2,71.5,6.58,1,2,2,50,7.0,1,Yes,0
1781,Female,CSE,85.3,83.8,7.33,1,2,0,63,6.8,2,No,0
1782,Female,CSE,78.9,64.4,5.55,2,1,0,71,10.0,1,No,1
1783,Female,CIVIL,56.1,57.0,5.53,2,3,1,31,6.7,3,No,0
1784,Female,ECE,69.1,80.9,7.02,2,1,1,58,8.5,0,Yes,0
1785,Male,MECH,84.2,93.3,7.89,0,4,0,71,4.3,1,Yes,1
1786,Female,CSE,88.9,74.8,8.61,1,1,1,68,8.0,0,Yes,1
1787,Female,CIVIL,88.0,80.5,7.85,0,1,2,58,6.8,1,No,1
1788,Male,CIVIL,63.7,68.5,6.21,0,3,1,50,6.9,1,Yes,0
1789,Male,ECE,80.7,90.9,7.25,1,0,3,74,6.9,0,No,1
1790,Male,CSE,87.1,78.8,8.45,2,2,2,60,9.1,2,No,1
1791,Male,MECH,63.1,64.5,7.68,2,2,0,73,6.9,3,Yes,0
1792,Female,ECE,77.9,87.6,7.73,0,2,0,70,5.3,0,Yes,1
1793,Male,CSE,80.5,75.7,6.87,0,4,1,59,5.6,0,Yes,1
1794,Male,MECH,75.3,80.2,8.31,2,3,2,80,7.7,0,No,1
1795,Male,EEE,61.3,56.4,5.66,0,2,5,57,7.2,0,No,0
1796,Male,CIVIL,75.1,73.9,7.47,2,1,0,82,4.2,0,Yes,1
1797,Female,ECE,75.1,63.4,8.55,3,0,1,83,7.3,0,Yes,1
1798,Male,CSE,76.7,68.6,7.11,1,2,0,80,4.9,2,No,1
1799,Female,MECH,72.9,79.6,6.76,1,1,0,62,7.2,2,No,0
1800,Male,MECH,74.0,74.1,7.49,1,1,1,100,5.3,0,Yes,1
1801,Male,ECE,77.6,74.3,6.8,0,0,2,67,6.1,0,No,0
1802,Male,ECE,82.0,74.0,6.04,2,3,3,68,5.7,1,Yes,1
1803,Female,CSE,75.3,73.6,7.7,0,1,2,65,8.8,0,Yes,1
1804,Male,EEE,74.3,76.7,8.16,0,2,3,49,7.1,1,Yes,1
1805,Male,IT,78.8,84.2,7.32,3,1,3,83,8.4,0,No,1
1806,Female,CSE,60.7,48.0,5.82,1,5,1,57,10.0,0,No,1
1807,Female,EEE,82.3,73.6,6.37,1,0,1,78,6.6,0,No,0
1808,Male,CSE,78.0,77.9,7.2,0,2,2,81,8.8,1,Yes,1
1809,Male,ECE,78.4,76.3,6.8,1,0,1,73,5.5,0,Yes,0
1810,Female,CIVIL,86.6,84.8,6.78,2,1,3,55,8.4,3,Yes,0
1811,Female,EEE,60.4,68.1,8.44,0,2,4,60,5.3,0,Yes,1
1812,Female,CSE,60.2,64.0,7.13,2,1,0,28,6.5,0,No,0
1813,Female,EEE,80.5,74.6,7.64,0,1,2,63,7.3,1,No,0
1814,Male,CSE,77.9,75.0,7.91,1,0,0,76,7.5,0,Yes,0
1815,Female,ECE,79.5,85.7,8.24,1,3,0,62,4.6,1,Yes,0
1816,Female,CIVIL,73.8,69.2,6.64,0,3,0,57,5.2,0,Yes,0
1817,Female,ECE,84.0,80.0,7.62,1,2,0,61,7.4,0,No,1
1818,Female,EEE,86.4,83.1,7.31,0,2,2,82,5.9,1,Yes,1
1819,Male,EEE,82.4,90.4,8.17,2,3,0,64,4.4,0,No,1
1820,Male,IT,75.7,73.3,7.41,0,1,2,91,6.4,3,Yes,0
1821,Female,CSE,59.0,72.1,6.78,1,3,2,57,6.3,0,Yes,0
1822,Female,EEE,84.9,89.6,6.72,1,1,0,68,6.8,1,Yes,0
1823,Female,CSE,89.0,83.0,7.64,0,1,3,59,7.3,0,Yes,0
1824,Female,CSE,83.8,78.8,7.19,0,3,0,94,7.2,3,No,1
1825,Male,CSE,70.1,69.8,5.48,1,1,2,68,5.3,1,Yes,0
1826,Female,MECH,84.1,78.7,7.75,2,4,3,95,5.9,1,Yes,1
1827,Male,CSE,85.7,87.4,8.47,0,2,2,59,7.9,0,Yes,1
1828,Male,IT,92.0,86.8,9.69,0,5,4,86,5.7,0,Yes,1
1829,Female,ECE,70.1,73.7,6.84,0,0,1,67,5.9,0,No,0
1830,Male,IT,76.0,67.7,6.48,3,1,2,77,4.2,0,No,1
1831,Male,CSE,84.7,74.0,6.27,0,2,3,48,6.5,0,Yes,0
1832,Male,ECE,78.5,92.1,8.05,0,0,1,70,7.0,1,Yes,0
1833,Female,CIVIL,67.9,69.5,7.14,1,1,1,50,3.5,1,No,0
1834,Male,ECE,81.7,73.6,6.49,0,1,1,69,4.9,1,No,0
1835,Male,EEE,83.2,89.9,7.66,1,3,1,44,4.4,1,No,0
1836,Male,CIVIL,78.8,79.3,5.79,0,1,4,64,7.7,1,Yes,0
1837,Male,MECH,80.0,82.0,8.22,1,1,0,80,3.6,3,Yes,0
1838,Female,IT,75.7,74.5,6.56,0,0,0,73,6.4,1,Yes,1
1839,Male,CSE,91.3,82.5,7.47,0,0,2,48,7.6,1,Yes,0
1840,Male,MECH,69.9,70.8,5.89,0,2,3,38,6.8,0,No,0
1841,Male,MECH,72.7,63.9,6.29,2,3,4,72,5.8,0,No,1
1842,Male,MECH,78.1,76.2,7.02,0,4,4,87,7.0,0,Yes,1
1843,Female,MECH,85.9,83.6,7.53,2,3,0,52,8.1,1,No,0
1844,Male,CIVIL,64.5,81.7,7.85,3,2,2,94,6.3,1,Yes,1
1845,Male,IT,66.2,70.3,8.16,1,2,2,65,3.1,1,Yes,0
1846,Male,CSE,59.7,49.5,6.77,2,3,3,38,8.2,1,No,0
1847,Male,CSE,78.3,76.3,8.02,3,0,3,43,7.1,0,Yes,1
1848,Female,CSE,67.9,89.9,8.95,0,1,0,76,6.5,2,No,1
1849,Female,CSE,74.5,80.8,7.89,0,1,1,67,3.5,1,No,1
1850,Female,MECH,84.0,74.7,7.16,0,2,0,86,6.1,0,Yes,1
1851,Female,ECE,72.2,77.5,8.11,1,2,3,48,5.2,1,Yes,0
1852,Male,ECE,80.1,72.9,7.97,1,3,0,67,4.7,2,Yes,1
1853,Female,IT,75.3,65.7,7.35,1,3,1,65,6.3,0,No,1
1854,Male,IT,84.0,78.0,6.16,1,2,6,63,5.7,0,Yes,0
1855,Female,EEE,82.3,80.0,6.73,1,1,2,60,5.8,0,No,1
1856,Male,EEE,71.8,60.0,6.38,1,3,2,60,7.6,0,Yes,1
1857,Male,ECE,76.5,67.9,7.54,1,2,1,67,6.9,0,No,1
1858,Female,EEE,87.4,82.5,7.48,0,0,2,69,5.8,2,Yes,1
1859,Male,ECE,81.5,76.0,8.15,1,2,5,69,5.6,3,No,1
1860,Male,CSE,65.4,72.0,8.13,2,1,2,82,5.8,3,No,1
1861,Female,CIVIL,83.9,71.8,8.03,0,1,0,48,6.1,0,Yes,0
1862,Male,ECE,68.2,75.9,8.2,0,0,4,40,7.4,3,Yes,0
1863,Female,CSE,90.7,76.1,6.41,2,1,2,79,4.9,0,No,0
1864,Male,MECH,87.2,93.8,8.34,1,2,1,52,8.7,0,No,1
1865,Female,ECE,80.6,66.3,6.37,1,2,2,60,7.4,0,No,0
1866,Male,ECE,79.4,70.0,5.68,0,3,2,56,2.4,0,Yes,0
1867,Female,CSE,76.1,78.6,7.11,1,1,2,56,6.6,3,No,0
1868,Male,CSE,84.1,92.1,8.94,1,1,0,45,8.1,2,Yes,1
1869,Male,EEE,74.7,77.0,7.65,2,2,3,57,7.1,2,No,1
1870,Female,ECE,80.1,82.0,9.09,0,1,2,74,5.9,2,No,1
1871,Male,CSE,85.8,81.6,7.61,1,2,0,65,6.4,1,No,1
1872,Male,CIVIL,72.9,66.6,8.82,1,6,0,72,6.8,1,No,1
1873,Male,CIVIL,72.5,70.1,7.15,2,2,1,58,7.7,0,Yes,1
1874,Male,EEE,67.3,61.9,6.69,1,1,2,78,4.4,0,No,0
1875,Male,IT,68.4,62.1,5.66,0,3,4,58,5.6,3,Yes,0
1876,Male,EEE,61.5,69.7,7.88,2,1,1,35,9.0,1,Yes,1
1877,Female,CSE,84.6,72.9,6.71,0,2,3,69,6.5,3,No,0
1878,Male,EEE,94.3,88.8,7.23,1,3,3,76,8.8,0,No,1
1879,Male,ECE,90.8,75.4,8.24,1,1,1,57,10.0,1,No,1
1880,Female,EEE,63.4,70.1,7.93,0,1,1,82,5.8,0,No,1
1881,Female,IT,84.5,77.3,8.2,0,0,2,53,4.7,0,No,0
1882,Female,ECE,90.8,94.3,7.68,0,1,0,74,6.1,1,No,0
1883,Female,CSE,73.9,76.6,7.22,1,2,0,89,8.1,0,No,1
1884,Female,CSE,78.9,86.0,7.59,2,4,3,66,8.4,0,Yes,1
1885,Female,IT,59.9,60.7,7.25,0,1,2,62,9.9,3,No,0
1886,Female,CSE,80.4,78.6,8.59,1,1,2,64,6.4,1,No,0
1887,Male,IT,68.4,64.2,7.06,1,2,2,88,7.2,0,No,1
1888,Female,CSE,79.8,75.0,8.78,1,1,0,71,5.4,1,No,1
1889,Female,CIVIL,63.9,66.5,7.58,1,2,1,95,2.7,0,No,0
1890,Female,ECE,82.9,74.7,7.0,1,3,2,69,6.4,0,No,1
1891,Male,CSE,87.2,73.8,7.81,1,2,5,56,4.8,0,No,1
1892,Female,CSE,71.0,62.7,8.07,1,0,3,57,7.5,0,No,0
1893,Male,CSE,67.8,54.3,7.97,1,1,1,66,3.7,0,No,1
1894,Female,CSE,58.6,57.8,7.46,0,1,2,36,5.4,3,No,0
1895,Female,CSE,75.6,79.8,7.41,1,3,0,58,6.9,0,No,0
1896,Female,MECH,72.8,62.5,6.53,0,0,1,59,7.1,1,No,1
1897,Female,EEE,64.0,58.8,7.01,3,5,0,68,6.4,3,No,1
1898,Female,ECE,82.1,91.8,9.21,1,1,1,92,9.3,3,No,1
1899,Female,MECH,74.0,69.9,7.34,0,3,1,66,8.9,3,Yes,1
1900,Male,CIVIL,68.3,73.2,7.49,1,4,0,38,5.5,0,No,1
1901,Male,IT,73.0,78.3,7.37,2,3,1,52,8.9,1,No,1
1902,Female,ECE,87.6,87.2,7.43,1,3,0,69,9.1,1,No,1
1903,Male,ECE,83.4,69.4,6.85,0,3,1,66,6.3,2,No,1
1904,Male,IT,76.8,74.5,7.29,1,2,0,88,6.6,3,No,1
1905,Female,IT,83.6,68.8,8.33,1,2,1,78,6.4,0,No,1
1906,Female,IT,67.6,87.7,7.52,1,1,3,78,5.5,0,Yes,1
1907,Female,MECH,78.3,65.8,6.87,0,1,3,62,5.7,0,No,0
1908,Female,MECH,79.3,70.2,6.32,2,0,2,80,8.5,0,Yes,1
1909,Male,IT,73.8,67.0,7.45,1,1,3,52,7.2,0,No,1
1910,Female,EEE,81.9,68.7,8.04,2,3,1,79,5.7,3,Yes,0
1911,Female,CSE,71.0,82.1,8.78,0,3,3,61,5.1,0,No,1
1912,Female,IT,82.6,96.5,8.22,0,1,1,45,5.4,0,No,1
1913,Male,IT,83.0,76.5,7.72,0,1,1,73,6.3,0,Yes,1
1914,Female,CSE,51.7,51.8,6.15,0,0,3,85,7.9,0,No,1
1915,Female,CSE,88.7,67.6,7.33,0,0,3,59,5.2,0,No,1
1916,Female,IT,50.6,58.7,6.8,1,1,0,87,7.9,3,No,0
1917,Female,ECE,72.5,71.3,7.1,0,4,0,42,6.8,1,No,0
1918,Male,MECH,87.2,77.8,7.42,3,2,4,48,6.7,0,No,1
1919,Female,CSE,75.1,76.6,7.63,1,3,2,63,8.0,1,Yes,1
1920,Male,CSE,64.8,71.6,6.83,0,1,1,60,7.8,1,No,0
1921,Male,CIVIL,68.2,73.2,6.93,4,3,0,56,4.4,0,No,0
1922,Male,IT,87.2,80.1,8.77,0,3,0,67,4.9,2,No,1
1923,Male,EEE,60.7,58.7,8.72,1,1,4,58,6.2,2,Yes,1
1924,Male,CSE,88.2,87.6,6.74,2,3,1,60,7.0,2,No,0
1925,Male,CSE,77.5,76.6,6.26,0,2,3,69,8.5,1,Yes,0
1926,Male,CSE,67.3,76.6,6.5,1,2,0,56,6.6,0,No,1
1927,Male,IT,72.8,79.2,7.29,1,2,2,64,9.1,0,Yes,0
1928,Female,ECE,68.8,61.3,7.37,1,4,2,56,5.4,0,Yes,0
1929,Female,IT,85.8,71.4,7.53,0,3,1,48,5.7,3,Yes,0
1930,Female,IT,84.6,75.5,7.36,1,2,1,76,6.0,2,No,1
1931,Female,EEE,62.5,60.1,7.03,1,1,1,89,5.3,0,No,0
1932,Male,CSE,74.4,79.9,6.84,1,3,2,80,8.2,2,No,1
1933,Female,IT,70.2,74.6,6.99,3,1,3,70,2.3,0,Yes,1
1934,Female,CSE,89.6,91.5,7.84,0,2,1,56,5.7,0,No,1
1935,Male,IT,65.8,72.3,5.82,1,3,1,61,8.2,0,Yes,1
1936,Male,ECE,92.4,86.9,6.75,0,3,3,80,6.0,0,Yes,1
1937,Female,ECE,77.7,85.0,6.7,1,2,1,33,8.1,0,No,0
1938,Female,ECE,67.5,73.8,7.76,1,0,3,60,9.8,1,No,1
1939,Male,ECE,71.9,73.6,7.34,4,1,0,75,6.6,0,No,1
1940,Male,MECH,70.8,82.8,8.0,3,6,2,49,8.3,0,Yes,1
1941,Male,MECH,66.5,70.7,5.56,0,1,3,71,10.0,0,No,0
1942,Female,ECE,78.9,75.2,6.02,1,2,2,70,7.1,2,Yes,0
1943,Male,EEE,66.9,64.3,7.3,0,2,1,45,6.4,1,No,0
1944,Male,ECE,58.4,70.0,5.0,0,1,5,66,7.9,3,Yes,0
1945,Male,IT,74.6,83.4,8.52,1,2,3,56,8.3,0,No,1
1946,Male,IT,61.8,66.7,5.41,1,2,0,71,6.4,0,Yes,1
1947,Female,MECH,71.2,81.9,8.15,0,2,4,74,5.8,0,Yes,1
1948,Male,IT,69.8,58.1,5.81,0,1,2,71,9.1,3,Yes,0
1949,Male,ECE,70.2,71.7,7.91,2,2,3,66,6.1,0,No,1
1950,Female,CSE,96.0,87.3,10.0,0,3,1,69,8.3,2,Yes,1
1951,Female,CSE,78.5,72.0,5.26,0,0,0,49,6.9,0,No,0
1952,Female,IT,80.2,94.8,8.55,0,3,0,65,9.2,1,Yes,1
1953,Male,ECE,62.0,66.7,5.42,1,2,2,54,5.2,0,Yes,0
1954,Female,IT,72.1,70.4,7.36,1,2,2,79,5.2,3,No,1
1955,Male,EEE,79.9,78.1,7.16,1,1,2,75,7.8,0,Yes,1
1956,Female,CSE,68.8,57.3,6.6,0,1,1,75,4.8,0,No,1
1957,Male,EEE,86.2,76.4,6.53,0,2,2,89,6.7,1,No,1
1958,Male,MECH,67.2,77.2,7.91,0,3,2,60,8.8,3,No,0
1959,Female,EEE,75.4,70.8,5.87,0,1,1,57,3.8,1,No,0
1960,Female,IT,72.7,67.8,7.91,1,2,0,60,7.1,0,Yes,1
1961,Male,MECH,79.5,86.9,7.35,0,1,0,43,8.3,1,Yes,0
1962,Female,ECE,72.2,82.7,6.39,0,3,1,44,6.5,0,Yes,0
1963,Male,MECH,75.6,79.0,8.64,3,2,0,74,5.1,2,No,1
1964,Male,ECE,75.9,72.4,7.04,1,0,4,45,6.1,1,Yes,0
1965,Male,IT,71.4,71.2,8.57,2,4,2,50,5.2,3,Yes,1
1966,Male,ECE,82.4,73.8,8.13,1,2,2,64,6.6,0,No,1
1967,Female,MECH,80.1,71.1,6.41,0,2,0,59,6.1,1,No,0
1968,Male,ECE,77.2,69.0,6.89,1,1,0,77,5.7,1,No,1
1969,Female,CSE,74.1,70.1,7.1,2,3,2,66,7.2,0,Yes,1
1970,Male,MECH,85.2,73.9,8.38,0,3,0,54,8.9,0,No,1
1971,Male,ECE,75.9,64.6,7.13,2,0,2,79,7.0,1,No,1
1972,Male,MECH,75.2,76.7,7.41,0,2,0,75,8.5,0,No,1
1973,Male,EEE,78.9,79.0,7.2,2,6,1,45,8.9,0,Yes,1
1974,Female,CSE,93.3,97.9,8.08,0,3,1,69,5.6,1,Yes,1
1975,Female,CSE,65.9,64.9,7.84,1,2,5,55,6.9,2,Yes,1
1976,Female,MECH,84.9,83.0,7.52,0,2,4,55,5.9,0,No,0
1977,Male,EEE,61.0,68.8,6.64,1,1,2,91,4.3,2,Yes,1
1978,Male,EEE,80.0,76.2,6.8,0,0,2,67,7.0,0,Yes,1
1979,Female,CSE,92.2,90.5,7.38,1,4,4,62,4.9,0,Yes,1
1980,Female,ECE,82.4,84.9,6.47,1,1,2,66,7.2,0,No,0
1981,Female,MECH,79.5,80.0,6.8,1,2,1,77,4.2,0,Yes,1
1982,Female,IT,73.0,72.0,8.28,2,2,0,55,6.8,3,Yes,1
1983,Female,MECH,78.3,74.5,7.01,2,1,3,58,4.1,0,No,0
1984,Female,EEE,75.7,65.8,7.4,2,4,3,74,7.5,2,No,1
1985,Male,EEE,70.9,66.9,5.0,0,1,0,44,5.9,0,No,0
1986,Female,MECH,75.4,70.9,7.49,1,4,2,79,5.8,1,No,1
1987,Female,CIVIL,79.8,70.0,6.87,1,0,1,43,8.2,0,Yes,0
1988,Female,CSE,71.1,75.7,6.84,0,3,5,62,6.0,1,Yes,1
1989,Male,MECH,70.7,80.8,7.58,0,3,0,43,6.7,3,Yes,0
1990,Male,CSE,65.8,63.1,6.33,1,2,2,50,6.2,1,Yes,0
1991,Female,CSE,81.5,80.9,5.74,1,4,1,83,7.3,1,Yes,1
1992,Female,CSE,82.9,72.5,7.84,1,4,3,80,8.1,0,No,1
1993,Female,CSE,80.1,75.9,7.43,0,5,0,81,7.8,0,Yes,1
1994,Male,ECE,86.7,77.2,7.04,2,5,0,45,5.8,0,No,0
1995,Male,CSE,78.8,81.5,6.69,0,3,1,50,8.3,0,Yes,1
1996,Male,CSE,81.5,74.1,5.99,2,1,5,70,5.1,1,No,1
1997,Male,CSE,80.7,85.5,7.8,1,1,0,75,5.4,0,No,1
1998,Male,CSE,77.2,74.6,8.47,0,2,1,54,6.3,0,Yes,1
1999,Female,ECE,73.2,69.4,7.14,2,0,2,57,8.1,1,Yes,1
2000,Female,IT,97.9,80.0,6.29,0,3,1,49,4.7,2,No,0
